-- --------------------------------------------------------
-- Host:                         127.0.0.1
-- Versión del servidor:         10.4.28-MariaDB - mariadb.org binary distribution
-- SO del servidor:              Win64
-- HeidiSQL Versión:             12.6.0.6765
-- --------------------------------------------------------

/*!40101 SET @OLD_CHARACTER_SET_CLIENT=@@CHARACTER_SET_CLIENT */;
/*!40101 SET NAMES utf8 */;
/*!50503 SET NAMES utf8mb4 */;
/*!40103 SET @OLD_TIME_ZONE=@@TIME_ZONE */;
/*!40103 SET TIME_ZONE='+00:00' */;
/*!40014 SET @OLD_FOREIGN_KEY_CHECKS=@@FOREIGN_KEY_CHECKS, FOREIGN_KEY_CHECKS=0 */;
/*!40101 SET @OLD_SQL_MODE=@@SQL_MODE, SQL_MODE='NO_AUTO_VALUE_ON_ZERO' */;
/*!40111 SET @OLD_SQL_NOTES=@@SQL_NOTES, SQL_NOTES=0 */;

-- Volcando estructura para tabla huevos_ventas1.hv_clientes
CREATE TABLE IF NOT EXISTS `hv_clientes` (
  `id` int(11) NOT NULL AUTO_INCREMENT,
  `nombre` varchar(250) DEFAULT NULL,
  `apellido_paterno` varchar(250) DEFAULT NULL,
  `apellido_materno` varchar(250) DEFAULT NULL,
  `rut_factura` varchar(50) DEFAULT NULL,
  `celular` varchar(50) DEFAULT NULL,
  `email` varchar(255) DEFAULT NULL,
  `precio_favorito` varchar(50) DEFAULT NULL,
  `link_maps` text DEFAULT NULL,
  `producto_id` int(10) unsigned DEFAULT NULL,
  `tipo_huevo` varchar(250) DEFAULT NULL,
  `region_id` int(11) DEFAULT NULL,
  `comuna_id` int(11) DEFAULT NULL,
  `sector_id` int(11) DEFAULT NULL,
  `direccion` varchar(250) DEFAULT NULL,
  `estado` tinyint(4) DEFAULT NULL,
  `eliminado` tinyint(4) DEFAULT 0,
  `created_at` timestamp NULL DEFAULT NULL,
  `updated_at` timestamp NULL DEFAULT NULL,
  `deleted_at` timestamp NULL DEFAULT NULL,
  `nombre_negocio` varchar(250) DEFAULT NULL,
  PRIMARY KEY (`id`)
) ENGINE=InnoDB AUTO_INCREMENT=353 DEFAULT CHARSET=utf8mb4 COLLATE=utf8mb4_general_ci;

-- Volcando datos para la tabla huevos_ventas1.hv_clientes: ~349 rows (aproximadamente)
INSERT INTO `hv_clientes` (`id`, `nombre`, `apellido_paterno`, `apellido_materno`, `rut_factura`, `celular`, `email`, `precio_favorito`, `link_maps`, `producto_id`, `tipo_huevo`, `region_id`, `comuna_id`, `sector_id`, `direccion`, `estado`, `eliminado`, `created_at`, `updated_at`, `deleted_at`, `nombre_negocio`) VALUES
	(1, 'fsdfsdf', 'sdfsdf', 'sdfsdfsdf', '202026672', '56975424380', 'sdfsdfsd@correo.cl', '10000', NULL, 1, NULL, NULL, 1, 1, 'dasdasd', 1, 1, '2023-10-10 08:31:02', NULL, NULL, NULL),
	(2, 'PEDRO', 'PORRO', 'REYES', '33374854-1', '56975412245', 'PEDROPORRO@GMAIL.COM', '420', NULL, 1, 'c', NULL, NULL, 6, 'PORRO #420', 0, 0, '2023-10-11 10:10:01', '2023-11-20 07:01:59', NULL, 'PEDRO PORRO SA'),
	(3, 'FELIPE', 'KANE', 'KILL', '43064881-0', '56975412245', 'FELIPEKANE@GMAIL.COM', '9000', NULL, 2, 'b', NULL, NULL, 6, 'KILL CASA #76', 1, 1, '2023-10-11 10:10:39', '2023-11-20 07:02:03', '2023-12-19 04:42:01', 'FELIPE KANE SA'),
	(4, 'EMERSON', 'LEMINA', 'ZUMA', '48299592-6', '56975412245', 'EMERSON@GMAIL.COM', '10000', NULL, 1, 'c', NULL, NULL, 6, 'ZUMACASA #44', 0, 0, '2023-10-11 10:11:09', '2023-11-20 07:02:06', NULL, 'EMERSON LEMINA SA'),
	(8, 'ERIC', 'BICARIO', 'DAVIS', '31499401-9', '56975412245', 'ERICBICARIO@GMAIL.COM', '12000', NULL, 3, 'c', NULL, NULL, 6, 'DAVIS CASA #11', 0, 0, '2023-10-12 09:54:32', '2023-11-20 07:01:56', NULL, 'ERIC BICARIO SA'),
	(9, 'JUAN', 'PEREZ', 'Reyes', '51595500-3', '56975412245', 'JUANPEREZCALVO@GMAIL.COM', '7000', NULL, 3, 'c', NULL, NULL, 6, 'SALVO CASA#98', 0, 0, '2023-11-11 19:07:53', '2023-11-20 07:02:09', NULL, 'JUAN CALVO SA'),
	(10, 'Antonio', 'Pacheco', 'RETAMAL', '202026672', '56975412245', 'yugitomatabi@gmail.com', '4000', NULL, 3, 'c', NULL, NULL, 6, 'RETAMAL CASA #12', 0, 0, '2023-11-11 19:10:51', '2023-11-20 07:01:46', NULL, 'ANTONIO PACHECO SA'),
	(11, 'Hugo', 'Apellido1', 'Apellido 2', '205198016', '+56987654324', 'hugo@gmail.com', '10000', NULL, 4, 'b', NULL, NULL, 6, 'millantu ', 0, 0, '2023-11-11 20:50:58', '2023-11-20 07:01:52', NULL, 'Ventas huigito'),
	(12, 'ZUISA', NULL, NULL, '3.570.503-1', '+56978787874', NULL, '30000', NULL, 3, 'c', 1, 1, 6, 'CASA ZUISA', 1, 1, '2023-11-20 06:53:56', NULL, '2023-12-19 04:42:02', 'ZUISA'),
	(13, 'FRESH MARKET', NULL, NULL, '17.542.912-3', NULL, NULL, '30000', NULL, 3, 'c', 1, 1, 6, 'CASA FRESH MARKET', 1, 1, '2023-11-20 07:06:53', NULL, '2023-12-19 04:42:04', 'FRESH MARKET'),
	(14, 'ISABEL LA ZORRA', NULL, NULL, '20.067.392-1', NULL, NULL, '30000', NULL, 3, 'b', 1, 1, 6, 'CASA ISABEL LA ZORRA', 1, 1, '2023-11-20 07:07:37', NULL, '2023-12-19 04:42:05', 'ISABEL LA ZORRA'),
	(15, 'VIEJA RICA', NULL, NULL, '30.733.722-3', NULL, NULL, '31500', NULL, 3, 'b', 1, 1, 6, 'CASA VIEJA RICA', 1, 1, '2023-11-20 07:13:12', NULL, '2023-12-19 04:42:05', 'VIEJA RICA'),
	(16, 'OVALLINO', NULL, NULL, '46.305.811-3', NULL, NULL, '30000', NULL, 3, 'b', 1, 1, 6, 'CASA OVALLINO', 1, 1, '2023-11-20 07:14:12', NULL, '2023-12-19 04:42:08', 'OVALLINO'),
	(17, 'TIA BUENA ONDA', NULL, NULL, '51.428.371-0', NULL, NULL, '30000', NULL, 3, 'b', 1, 1, 6, 'CASA TIA BUENA ONDA', 1, 1, '2023-11-20 07:15:40', NULL, '2023-12-19 04:43:45', 'TIA BUENA ONDA'),
	(18, 'TAMARUGAL', NULL, NULL, '68.017.583-7', NULL, NULL, '30000', NULL, 3, 'c', 1, 1, 6, 'CASA TAMARUGAL', 1, 1, '2023-11-20 07:18:48', NULL, '2023-12-19 04:42:08', 'TAMARUGAL'),
	(19, 'LONQUIMAY', NULL, NULL, '73.077.094-4', NULL, NULL, '30000', NULL, 3, 'c', 1, 1, 6, 'CASA LONQUIMAY', 1, 1, '2023-11-20 07:19:36', NULL, '2023-12-19 04:42:25', 'LONQUIMAY'),
	(20, 'BLANQUITA', NULL, NULL, '87.935.675-K', NULL, NULL, '32000', NULL, 3, 'b', 1, 1, 6, 'CASA BLANQUITA', 1, 1, '2023-11-20 07:20:37', NULL, '2023-12-19 04:42:09', 'BLANQUITA'),
	(21, 'VAGINA 2', NULL, NULL, '91.078.284-3', NULL, NULL, '31000', NULL, 3, 'c', 1, 21, 10, 'CASA VAGINA 2', 1, 1, '2023-11-20 07:22:19', '2023-12-12 06:57:15', '2023-12-19 04:42:12', 'VAGINA 2'),
	(22, 'DESPUES MORENA GUAPA', NULL, NULL, '6.179.189-2', NULL, NULL, '28500', NULL, 3, 'c', 1, 1, 6, 'CASA DESPUES MORENA GUAPA', 1, 1, '2023-11-20 07:23:08', NULL, '2023-12-19 04:42:10', 'DESPUES MORENA GUAPA'),
	(23, 'PASTELERIA FREY', NULL, NULL, '18.687.291-6', NULL, NULL, '28000', NULL, 3, 'c', 1, 1, 6, 'CASA PASTELERIA FREY', 1, 1, '2023-11-20 07:23:45', NULL, '2023-12-19 04:42:11', 'PASTELERIA FREY'),
	(24, 'FRENTE POSTE', NULL, NULL, '24.880.371-1', NULL, NULL, '29000', NULL, 3, 'b', 1, 1, 6, 'CASA FRENTE POSTE', 1, 1, '2023-11-20 07:24:29', NULL, '2023-12-19 04:42:10', 'FRENTE POSTE'),
	(25, 'J Y C', NULL, NULL, '38.449.283-5', NULL, NULL, '27500', NULL, 3, 'c', 1, 1, 6, 'CASA J Y C', 1, 1, '2023-11-20 07:25:11', NULL, '2023-12-19 04:42:25', 'J Y C'),
	(26, 'TRANSPORTADOR', NULL, NULL, '42.588.964-8', NULL, NULL, '28000', NULL, 1, 'b', 1, 1, 6, 'CASA TRANSPORTADOR', 1, 1, '2023-11-20 07:25:43', NULL, '2023-12-19 04:42:12', 'TRANSPORTADOR'),
	(27, 'YOMI', NULL, NULL, '55.140.011-5', NULL, NULL, '26800', NULL, 1, 'b', 1, 1, 6, 'CASA YOMI', 1, 1, '2023-11-20 07:26:21', NULL, '2023-12-19 04:42:14', 'YOMI'),
	(28, 'LADO CONY', NULL, NULL, '63.966.642-5', NULL, NULL, '32000', NULL, 3, 'b', 1, 1, 6, 'CASA LADO CONY', 1, 1, '2023-11-20 07:27:22', NULL, '2023-12-19 04:42:13', 'LADO CONY'),
	(29, 'SANTA ANA', NULL, NULL, '77.968.416-4', NULL, NULL, '31000', NULL, 3, 'b', NULL, 1, 6, 'CASA SANTA ANA', 1, 1, '2023-11-20 07:27:45', '2023-11-20 07:28:13', '2023-12-19 04:42:16', 'SANTA ANA'),
	(30, 'PIRUJA', NULL, NULL, '88.430.171-8', NULL, NULL, '32000', NULL, 3, 'b', 1, 1, 6, 'CASA PIRUJA', 1, 1, '2023-11-20 07:28:40', NULL, '2023-12-19 04:42:15', 'PIRUJA'),
	(31, 'REYES', NULL, NULL, '92.045.011-3', NULL, NULL, '26500', NULL, 1, 'b', 1, 1, 6, 'CASA REYES', 1, 1, '2023-11-20 07:29:15', NULL, '2023-12-19 04:42:16', 'REYES'),
	(32, 'M Y M', NULL, NULL, '8.002.482-7', NULL, NULL, '31000', NULL, 3, 'b', 1, 1, 6, 'CASA M Y M', 1, 1, '2023-11-20 07:29:53', NULL, '2023-12-19 04:42:17', 'M Y M'),
	(33, 'J Y A', NULL, NULL, '24.306.861-4', NULL, NULL, '31000', NULL, 3, 'b', 1, 1, 6, 'CASA J Y A', 1, 1, '2023-11-20 07:30:21', NULL, '2023-12-19 04:42:17', 'J Y A'),
	(34, 'VALE Y MUMA', NULL, NULL, '31.919.622-6', NULL, NULL, '28000', NULL, 1, 'b', 1, 1, 6, 'CASA VALE Y MUMA', 1, 1, '2023-11-20 07:30:58', NULL, '2023-12-19 04:42:18', 'VALE Y MUMA'),
	(35, 'CARMENSITA', NULL, NULL, '40.461.439-8', NULL, NULL, '29000', NULL, 3, 'b', 1, 1, 6, 'CASA CARMENSITA', 1, 1, '2023-11-20 07:31:43', NULL, '2023-12-19 04:42:18', 'CARMENSITA'),
	(36, 'VERITO', NULL, NULL, '59.303.074-1', NULL, NULL, '30000', NULL, 3, 'b', 1, 1, 6, 'CASA VERITO', 1, 1, '2023-11-20 07:32:33', NULL, '2023-12-19 04:42:19', 'VERITO'),
	(37, 'ELY', NULL, NULL, '60.245.896-2', NULL, NULL, '28000', NULL, 1, 'b', 1, 1, 6, 'CASA ELY', 1, 1, '2023-11-20 07:33:11', NULL, '2023-12-19 04:42:19', 'ELY'),
	(38, 'KRISS', NULL, NULL, '75.300.666-4', NULL, NULL, '31000', NULL, 3, 'b', 1, 1, 6, 'CASA KRISS', 1, 1, '2023-11-20 07:33:54', NULL, '2023-12-19 04:42:26', 'KRISS'),
	(39, 'M Y R', NULL, NULL, '86.884.793-K', NULL, NULL, '30000', NULL, 3, 'b', 1, 1, 6, 'CASA M Y R', 1, 1, '2023-11-20 07:34:24', NULL, '2023-12-19 04:42:27', 'M Y R'),
	(40, 'DIMALU', NULL, NULL, '97.912.390-6', NULL, NULL, '28500', NULL, 3, 'b', 1, 1, 6, 'CASA DIMALU', 1, 1, '2023-11-20 07:34:48', NULL, '2023-12-19 04:42:27', 'DIMALU'),
	(41, 'STAR MARKET', NULL, NULL, '2.958.166-5', NULL, NULL, '30000', NULL, 3, 'c', 1, 1, 6, 'CASA STAR MARKET', 1, 1, '2023-11-20 07:35:20', NULL, '2023-12-19 04:42:28', 'STAR MARKET'),
	(42, 'MOSAICO', NULL, NULL, '19.419.884-1', NULL, NULL, '31000', NULL, 3, 'b', 1, 1, 6, 'CASA MOSAICO', 1, 1, '2023-11-20 07:35:54', NULL, '2023-12-19 04:43:45', 'MOSAICO'),
	(43, 'VALLE DE BRAZAS', NULL, NULL, '29.732.604-K', NULL, NULL, '30000', NULL, 3, 'b', 1, 1, 6, 'CASA VALLE DE BRAZAS', 1, 1, '2023-11-20 07:36:26', NULL, '2023-12-19 04:42:29', 'VALLE DE BRAZAS'),
	(44, 'TIA PATY PUNTO', NULL, NULL, '36.684.450-3', NULL, NULL, '30000', NULL, 3, 'b', 1, 1, 6, 'CASA TIA PATY PUNTO', 1, 1, '2023-11-20 07:36:56', NULL, '2023-12-19 04:43:46', 'TIA PATY PUNTO'),
	(45, 'DELI FRUT', NULL, NULL, '45.640.390-5', NULL, NULL, '30000', NULL, 3, 'b', 1, 1, 6, 'CASA DELI FRUT', 1, 1, '2023-11-20 07:57:18', NULL, '2023-12-19 04:42:30', 'DELI FRUT'),
	(46, 'DORIS', NULL, NULL, '5.522.496-K', NULL, NULL, '54000', NULL, 3, 'b', NULL, NULL, 9, 'https://chat.openai.com/c/1affc25f-cd44-4d19-b1b3-4b07cf33512f', 1, 1, '2023-11-22 05:17:12', '2023-12-07 06:11:26', '2023-12-19 04:42:35', 'DORIS'),
	(47, 'MONITOS', NULL, NULL, '5.144.211-3', NULL, NULL, '26500', NULL, 1, 'b', 1, 17, 9, 'CASA MONITOS', 1, 1, '2023-11-22 05:17:59', '2023-12-06 05:15:34', '2023-12-19 04:42:30', 'MONITOS'),
	(48, 'JUANITA', NULL, NULL, '12.569.849-2', NULL, NULL, '24500', NULL, 1, 'c', 1, 17, 9, 'CASA JUANITA', 1, 1, '2023-11-22 05:19:12', '2023-12-06 05:15:50', '2023-12-19 04:42:31', 'JUANITA'),
	(49, 'san pedro x mayor', NULL, NULL, '32.686.204-5', NULL, NULL, '25500', NULL, 3, 'b', 1, 17, 9, '#12 casa san pedro x mayor', 1, 1, '2023-12-06 05:09:39', '2023-12-06 05:16:49', '2023-12-19 04:42:32', 'san pedro x mayor sa'),
	(50, 'DOÑA TITA', NULL, NULL, '24.977.583-5', NULL, NULL, '26500', NULL, 3, 'b', 1, 17, 9, '#12 CASA DOÑA TITA', 1, 1, '2023-12-06 05:18:20', NULL, '2023-12-19 04:42:32', 'DOÑA TITA SA'),
	(51, 'DON PIO', NULL, NULL, '46.496.598-K', NULL, NULL, '23500', NULL, 1, 'b', 1, 17, 9, '#12 CASA DON PIO', 1, 1, '2023-12-06 05:19:35', NULL, '2023-12-19 04:42:33', 'DON PIO SA '),
	(52, 'EL CANAL', NULL, NULL, '11.607.924-0', NULL, NULL, '25500', NULL, 3, 'b', 1, 17, 9, '#12 CASA EL CANAL', 1, 1, '2023-12-06 05:20:15', NULL, '2023-12-19 04:42:34', 'EL CANAL SA'),
	(53, 'DON JOLO', NULL, NULL, '50.900.570-2', NULL, NULL, '27000', NULL, 3, 'b', 1, 17, 9, '#12 CASA DON JOLO', 1, 1, '2023-12-06 05:21:08', NULL, '2023-12-19 04:42:36', 'DON JOLO SA'),
	(54, 'SEÑORA DE LA ROSA', NULL, NULL, '61.976.600-8', NULL, NULL, '27500', NULL, 3, 'b', 1, 17, 9, '#12 CASA SEÑORA DE LA ROSA', 1, 1, '2023-12-06 05:21:57', NULL, '2023-12-19 04:42:36', 'SEÑORA DE LA ROSA SA'),
	(55, 'RAUL', NULL, NULL, '75.835.859-3', NULL, NULL, '26500', NULL, 1, 'b', 1, 17, 9, '#12 CASA RAUL', 1, 1, '2023-12-06 05:22:52', NULL, '2023-12-19 04:44:13', 'RAUL SA '),
	(56, 'CIRO', NULL, NULL, '89.546.094-K', NULL, NULL, '24500', NULL, 1, 'b', 1, 17, 9, '#12 CASA CIRO', 1, 1, '2023-12-06 05:36:55', NULL, '2023-12-19 04:42:37', 'CIRO SA'),
	(57, 'YIYO', NULL, NULL, '93.080.651-K', NULL, NULL, '26000', NULL, 3, 'b', 1, 17, 9, '#12 CASA YIYO', 1, 1, '2023-12-06 05:37:36', NULL, '2023-12-19 04:43:47', 'YIYO SA'),
	(58, 'ESPERANZITA', NULL, NULL, '7.034.751-2', NULL, NULL, '27500', NULL, 3, 'b', 1, 17, 9, '#12 CASA ESPERANZITA', 1, 1, '2023-12-06 05:38:30', NULL, '2023-12-19 04:44:11', 'ESPERANZITA SA'),
	(59, 'MARY', NULL, NULL, '44.010.306-5', NULL, NULL, '26500', NULL, 3, 'b', 1, 17, 9, '#12 CASA MARY', 1, 1, '2023-12-06 05:39:20', NULL, '2023-12-19 04:43:48', 'MARY SA '),
	(60, 'SAN ESTEBAN', NULL, NULL, '51.746.427-9', NULL, NULL, '25500', NULL, 1, 'b', 1, 17, 9, '#12 CASA SAN ESTEBAN', 1, 1, '2023-12-06 05:39:58', NULL, '2023-12-19 04:43:49', 'SAN ESTEBAN SA'),
	(61, 'MIS ANGELES', NULL, NULL, '37.289.095-9', NULL, NULL, '25000', NULL, 3, 'b', 1, 17, 9, '#12 CASA MIS ANGELES', 1, 1, '2023-12-06 05:40:31', NULL, '2023-12-19 04:43:49', 'MIS ANGELES SA'),
	(62, 'ELY', NULL, NULL, '68.786.425-5', NULL, NULL, '25000', NULL, 1, 'b', 1, 17, 9, '#12 CASA ELY', 1, 1, '2023-12-06 05:41:12', NULL, '2023-12-19 04:43:55', 'ELY SA'),
	(63, 'PAGO', NULL, NULL, '75.588.932-6', NULL, NULL, '26500', NULL, 3, 'b', 1, 17, 9, '#12 CASA PAGO', 1, 1, '2023-12-06 05:41:43', NULL, '2023-12-19 04:43:50', 'PAGO SA'),
	(64, 'PELUCAS', NULL, NULL, '87.991.565-1', NULL, NULL, '26500', NULL, 3, 'b', 1, 17, 9, '#12 CASA PELUCAS', 1, 1, '2023-12-06 05:42:11', NULL, '2023-12-19 04:43:51', 'PELUCAS SA'),
	(65, 'MARIA DEL VALLE', NULL, NULL, '24.969.927-6', NULL, NULL, '27000', NULL, 3, 'b', 1, 17, 9, '#12 CASA MARIA DEL VALLE', 1, 1, '2023-12-06 05:44:26', NULL, '2023-12-19 04:43:51', 'MARIA DEL VALLE SA'),
	(66, 'VUELTA CHIMBA', NULL, NULL, '97.057.542-1', NULL, NULL, '24000', NULL, 1, 'b', 1, 17, 9, '#12 CASA VUELTA CHIMBA', 1, 1, '2023-12-06 05:45:00', NULL, '2023-12-19 04:43:53', 'VUELTA CHIMBA SA'),
	(67, 'BODEGUITO', NULL, NULL, '66751696-k', '+56978787874', 'BODEGUITO@correo.cl', '23500', NULL, 3, 'b', 1, 1, 8, 'https://maps.app.goo.gl/FQa7DSdv3RPdQjGfA', 1, 1, '2023-12-19 03:48:27', NULL, '2023-12-19 04:43:57', 'BODEGUITO'),
	(68, 'ISIDORA', NULL, NULL, '69698325-9', '+56978787874', 'ISIDORA@CORRE.CL', '23500', NULL, 3, 'b', 1, 1, 8, 'https://maps.app.goo.gl/FQa7DSdv3RPdQjGfA', 1, 1, '2023-12-19 03:50:23', NULL, '2023-12-19 04:43:54', 'ISIDORA'),
	(69, 'SERRANO 1', NULL, NULL, '61047136-6', '+56978787874', 'SERRANO@CORREO.CL', '26500', NULL, 3, 'b', 1, 1, 11, 'https://maps.app.goo.gl/FQa7DSdv3RPdQjGfA', 1, 1, '2023-12-19 03:51:53', NULL, '2023-12-19 04:43:56', 'SERRANO 1'),
	(70, 'SUIZA', NULL, NULL, '37963092-8', '+56978787874', 'SERRANO@CORREO.CL', '24500', NULL, 3, 'b', 1, 1, 11, 'https://maps.app.goo.gl/FQa7DSdv3RPdQjGfA', 1, 1, '2023-12-19 03:52:56', NULL, '2023-12-19 04:43:58', 'SUIZA'),
	(71, 'DELICIAS', NULL, NULL, '30596943-5', '+56978787874', 'SERRANO@CORREO.CL', '21000', NULL, 1, 'b', 1, 1, 8, 'https://maps.app.goo.gl/FQa7DSdv3RPdQjGfA', 1, 1, '2023-12-19 03:54:01', NULL, '2023-12-19 04:43:58', 'DELICIAS'),
	(72, 'AL LADO DE DELICIAS', NULL, NULL, '22589794-8', '+56978787874', 'SERRANO@CORREO.CL', '23500', NULL, 3, 'b', 1, 1, 8, 'https://maps.app.goo.gl/FQa7DSdv3RPdQjGfA', 1, 1, '2023-12-19 03:54:40', NULL, '2023-12-19 04:43:59', 'AL LADO DE DELICIAS'),
	(73, 'Express', NULL, NULL, '18982718-0', '56998989898', 'Yaresla848@gmail.com', '24500', NULL, 3, 'b', 1, 1, 8, 'Aaaaa 15', 1, 1, '2023-12-19 03:55:58', NULL, '2023-12-19 04:44:00', 'Express'),
	(74, 'ESFUERZO', NULL, NULL, '20054437-4', '+56978787874', 'SERRANO@CORREO.CL', '24000', NULL, 3, 'b', 1, 1, 8, 'https://maps.app.goo.gl/FQa7DSdv3RPdQjGfA', 1, 1, '2023-12-19 03:55:59', NULL, '2023-12-19 04:44:01', 'ESFUERZO'),
	(75, 'JUANITO', NULL, NULL, '24786432-6', '+56978787874', 'SERRANO@CORREO.CL', '21000', NULL, 1, 'b', 1, 1, 11, 'https://maps.app.goo.gl/FQa7DSdv3RPdQjGfA', 1, 1, '2023-12-19 03:56:27', NULL, '2023-12-19 04:44:02', 'JUANITO'),
	(76, 'FERIA RENGO', NULL, NULL, '39855450-7', '+56978787874', 'SERRANO@CORREO.CL', '21000', NULL, 2, 'b', 1, 1, 8, 'https://maps.app.goo.gl/FQa7DSdv3RPdQjGfA', 1, 1, '2023-12-19 03:57:17', NULL, '2023-12-19 04:44:02', 'FERIA RENGO'),
	(77, 'Negocio 2', NULL, NULL, '20519801-6', '56998989898', 'robert.gatica.p@hotmail.com', '24500', NULL, 3, 'b', 1, 1, 8, 'Aaaaaaa', 1, 1, '2023-12-19 03:57:49', NULL, '2023-12-19 04:44:05', 'Negocio 2 '),
	(78, 'LADO VULCA', NULL, NULL, '21322201-5', '+56978787874', 'SERRANO@CORREO.CL', '24500', NULL, 3, 'b', 1, 1, 8, 'https://maps.app.goo.gl/FQa7DSdv3RPdQjGfA', 1, 1, '2023-12-19 03:58:10', NULL, '2023-12-19 04:44:03', 'LADO VULCA'),
	(79, 'ESMERALDA', NULL, NULL, '21454427-k', '+56978787874', 'SERRANO@CORREO.CL', '23800', NULL, 3, 'b', 1, 1, 11, 'https://maps.app.goo.gl/FQa7DSdv3RPdQjGfA', 1, 1, '2023-12-19 03:59:03', NULL, '2023-12-19 04:44:05', 'ESMERALDA'),
	(80, 'FULLMARKET', NULL, NULL, '21789578-2', '+56978787874', 'SERRANO@CORREO.CL', '25000', NULL, 3, 'b', 1, 1, 8, 'https://maps.app.goo.gl/FQa7DSdv3RPdQjGfA', 1, 1, '2023-12-19 03:59:40', NULL, '2023-12-19 04:44:04', 'FULLMARKET'),
	(81, 'Maria eugenia', NULL, NULL, '18982718-0', '56998989898', 'cristobalignaciomzmrqz@gmail.com', '24000', NULL, 3, 'b', 1, 1, 8, 'Aaaaa 15', 1, 1, '2023-12-19 03:59:48', NULL, '2023-12-19 04:44:08', 'Maria eugenia'),
	(82, 'CULTURA JAPONESA', NULL, NULL, '30398620-0', '+56978787874', 'SERRANO@CORREO.CL', '23500', NULL, 3, 'b', 1, 1, 8, 'https://maps.app.goo.gl/FQa7DSdv3RPdQjGfA', 1, 1, '2023-12-19 04:00:20', NULL, '2023-12-19 04:44:06', 'CULTURA JAPONESA'),
	(83, 'Arabe', NULL, NULL, '16383546-0', '56998989898', 'Yaresla848@gmail.com', '24000', NULL, 3, 'b', 1, 1, 8, 'Aaaaa 15', 1, 1, '2023-12-19 04:01:02', NULL, '2023-12-19 04:44:07', 'Arabe'),
	(84, 'DORIS', NULL, NULL, '16063753-6', '+56978787874', 'SERRANO@CORREO.CL', '26500', NULL, 3, 'b', 1, 1, 11, 'https://maps.app.goo.gl/FQa7DSdv3RPdQjGfA', 1, 1, '2023-12-19 04:09:11', NULL, '2023-12-19 04:44:09', 'DORIS'),
	(85, 'Doris', NULL, NULL, '14023384-6', '978450725', NULL, '26.500 ', NULL, 3, 'c', NULL, NULL, 13, 'Kssks', 1, 0, '2023-12-28 23:32:13', '2024-01-02 23:58:17', NULL, 'Doris'),
	(86, 'Serrano 1', NULL, NULL, '4466539-5', NULL, NULL, '21.500', NULL, 1, 'b', 1, 1, 13, 'Zf', 1, 0, '2023-12-28 23:34:38', NULL, NULL, 'Serrano 1'),
	(87, 'Serrano 2', NULL, NULL, '2382353-5', NULL, NULL, '21.500', NULL, 1, 'c', 1, 1, 13, 'Jjjs', 1, 0, '2023-12-28 23:35:25', NULL, NULL, 'Serrano 2'),
	(88, 'Silvino ', NULL, NULL, '4367630-k', NULL, NULL, '23.500', NULL, 3, 'b', 1, 1, 13, 'Jjs', 1, 0, '2023-12-28 23:36:25', NULL, NULL, 'Silvino'),
	(89, 'Prima Michel ', NULL, NULL, '4931709-3', NULL, NULL, '21.500', NULL, 3, 'b', 1, 1, 13, 'Ndjd', 1, 0, '2023-12-28 23:37:12', NULL, NULL, 'Prima michel'),
	(90, 'Esfuerzo ', NULL, NULL, '8944385-7', NULL, NULL, '21.500', NULL, 3, 'b', 1, 1, 13, 'Dj', 1, 0, '2023-12-28 23:39:26', NULL, NULL, 'Esfuerzo'),
	(91, 'Tío becerra ', NULL, NULL, '189827180', NULL, NULL, '23.500', NULL, 3, 'c', 1, 1, 13, 'Sc', 1, 0, '2023-12-28 23:41:30', NULL, NULL, 'Tío becerra'),
	(92, 'Papá becerra', NULL, NULL, '9942875-9', NULL, NULL, '24.000', NULL, 3, 'b', 1, 1, 13, 'Di', 1, 0, '2023-12-28 23:42:29', NULL, NULL, 'Papá becerra'),
	(93, 'Señora claudia', NULL, NULL, '8219269-7', NULL, NULL, '24.500', NULL, 3, 'b', 1, 1, 13, 'Js', 1, 0, '2023-12-28 23:44:46', NULL, NULL, 'Señora claudia'),
	(94, 'Juanito', NULL, NULL, '6613761-9', NULL, NULL, '24.000 ', NULL, 3, 'c', 1, 1, 13, 'Jzj', 1, 0, '2023-12-28 23:49:27', NULL, NULL, 'Juanito'),
	(95, 'Esquina micro ', NULL, NULL, '43555842-9', NULL, NULL, '24.500', NULL, 3, 'b', 1, 1, 13, 'Ndj', 1, 0, '2023-12-28 23:52:27', NULL, NULL, '47108685-1'),
	(96, 'Don lalo', NULL, NULL, '20519801-6', NULL, NULL, '23.500', NULL, 3, 'b', 1, 1, 13, 'Jajaj', 1, 1, '2023-12-29 00:14:49', NULL, '2023-12-29 00:22:41', 'Don lalo'),
	(97, 'Dominique', NULL, NULL, '205198016', NULL, NULL, '23500', NULL, 3, 'b', 1, 31, 15, 'Jajaja', 1, 0, '2023-12-29 02:55:52', NULL, NULL, 'Dominique'),
	(98, 'Yipi ahorro', NULL, NULL, '214930781', NULL, NULL, '23500', NULL, 3, 'c', 1, 31, 15, 'Jajaja', 1, 0, '2023-12-29 02:58:21', NULL, NULL, 'Yipi ahorro'),
	(99, 'San martin', NULL, NULL, '94966213', NULL, NULL, '23500', NULL, 3, 'c', 1, 31, 15, 'Jajaj', 1, 0, '2023-12-29 02:59:50', NULL, NULL, 'San martin'),
	(100, 'El Rincon del Pan', NULL, NULL, '163835460', NULL, NULL, '23500', NULL, 3, 'b', 1, 31, 15, 'Jajaja', 1, 0, '2023-12-29 03:01:23', NULL, NULL, 'El Rincon del Pan'),
	(101, 'Daniella', NULL, NULL, '221209117', NULL, NULL, '23500', NULL, 3, 'b', 1, 31, 15, 'Jajaja', 1, 0, '2023-12-29 03:03:58', NULL, NULL, 'Daniella'),
	(102, 'Shopie', NULL, NULL, '6685313-6', NULL, NULL, '20500', NULL, 1, 'b', 1, 31, 15, 'Jajaja', 1, 0, '2023-12-29 03:06:43', NULL, NULL, 'Sophie'),
	(103, 'Loppis', NULL, NULL, '5481715-0	', NULL, NULL, '23500', NULL, 3, 'b', 1, 31, 15, 'Jajaj', 1, 0, '2023-12-29 03:08:47', NULL, NULL, 'Loppis'),
	(104, 'Yoca', NULL, NULL, '6928563-5	', NULL, NULL, '27000', NULL, 1, 'b', 1, 31, 15, 'Jajaj', 1, 0, '2023-12-29 03:12:35', NULL, NULL, 'Yoca'),
	(105, 'Donde el messi', NULL, NULL, '33554509-5', NULL, NULL, '23500', NULL, 3, 'b', 1, 31, 15, 'Jajajaj', 1, 0, '2023-12-29 03:38:55', NULL, NULL, 'Donde el messi'),
	(106, 'Jari', NULL, NULL, '36992577-6	', NULL, NULL, '23500', NULL, 3, 'b', 1, 31, 15, 'Jajajaj', 1, 0, '2023-12-29 03:40:03', NULL, NULL, 'Jari'),
	(107, 'El morocho', NULL, NULL, '34312656-5', NULL, NULL, '23500', NULL, 3, 'b', 1, 31, 15, 'Jajajaja', 1, 0, '2023-12-29 03:41:02', NULL, NULL, 'El morocho'),
	(108, 'Santa rosario', NULL, NULL, '39744504-6', NULL, NULL, '23500', NULL, 3, 'b', 1, 31, 15, 'Jajaja', 1, 0, '2023-12-29 03:42:00', NULL, NULL, 'Santa rosario'),
	(109, 'Estrella Belen', NULL, NULL, '37163731-1', NULL, NULL, '23500', NULL, 3, 'b', 1, 31, 15, 'Jajajaj', 1, 0, '2023-12-29 03:43:02', NULL, NULL, 'Estrella Belen'),
	(110, 'Donde Martin', NULL, NULL, '38697215-k', NULL, NULL, '23500', NULL, 3, 'b', 1, 31, 15, 'Jajaja', 1, 0, '2023-12-29 03:44:10', NULL, NULL, 'Donde Martin'),
	(111, 'El renato', NULL, NULL, '36098831-7', NULL, NULL, '23500', NULL, 3, 'b', 1, 31, 15, 'Jajajaj', 1, 0, '2023-12-29 03:45:10', NULL, NULL, 'El renato'),
	(112, 'Negocio esquina ', NULL, NULL, '34246879-9', NULL, NULL, '23500', NULL, 3, 'b', 1, 31, 15, 'Jajajaj', 1, 0, '2023-12-29 03:47:53', NULL, NULL, 'Negocio esquina'),
	(113, 'Lucas', NULL, NULL, '38363194-7', NULL, NULL, '23500', NULL, 3, 'b', 1, 31, 15, 'Jajaja', 1, 0, '2023-12-29 03:49:06', NULL, NULL, 'Lucas'),
	(114, 'Alca', NULL, NULL, '27135990-k', NULL, NULL, '23500', NULL, 3, 'b', 1, 31, 15, 'Jajaja', 1, 0, '2023-12-29 03:51:56', NULL, NULL, 'Alca'),
	(115, 'El pilar', NULL, NULL, '27037450-6', NULL, NULL, '23500', NULL, 3, 'b', 1, 31, 15, 'Jajaj', 1, 0, '2023-12-29 03:54:06', NULL, NULL, 'El pilar'),
	(116, 'Doble Sabor', NULL, NULL, '26690377-4', NULL, NULL, '23500', NULL, 3, 'b', 1, 31, 15, 'Hola', 1, 0, '2023-12-29 03:55:24', NULL, NULL, 'Doble Sabor'),
	(117, 'Maria Elena', NULL, NULL, '25772198-1	', NULL, NULL, '20500', NULL, 1, 'b', 1, 31, 15, 'Kiuvo', 1, 0, '2023-12-29 04:04:49', NULL, NULL, 'Maria Elena'),
	(118, 'King', NULL, NULL, '20632109-1', NULL, NULL, '19800', NULL, 1, 'b', 1, 31, 15, 'Wena po', 1, 0, '2023-12-29 04:06:43', NULL, NULL, 'King'),
	(119, 'Santa Marta', NULL, NULL, '21230278-3	', NULL, NULL, '23500', NULL, 3, 'b', 1, 31, 15, 'Oi', 1, 0, '2023-12-29 04:08:01', NULL, NULL, 'Santa Marta'),
	(120, 'El kike', NULL, NULL, '24881106-4	', NULL, NULL, '25500', NULL, 4, 'b', 1, 31, 15, 'Buenas', 1, 0, '2023-12-29 04:09:29', NULL, NULL, 'El kike'),
	(121, 'Kotelate', NULL, NULL, '24439762-k', NULL, NULL, '23500', NULL, 3, 'b', 1, 31, 15, 'Holaaas', 1, 0, '2023-12-29 04:10:55', NULL, NULL, 'Kotelate'),
	(122, 'El esfuerzo', NULL, NULL, '24439762-k', NULL, NULL, '23500', NULL, 3, 'b', 1, 31, 15, 'Kiuvoos', 1, 0, '2023-12-29 04:12:51', NULL, NULL, 'El esfuerzo'),
	(123, 'San lorenzo', NULL, NULL, '24439762-k', NULL, NULL, '23500', NULL, 3, 'b', 1, 31, 15, 'Jajj', 1, 0, '2023-12-29 04:14:37', NULL, NULL, 'San lorenzo'),
	(124, 'Sauces', NULL, NULL, '24439762-k', NULL, NULL, '23500', NULL, 3, 'b', 1, 31, 15, 'Jajaja', 1, 0, '2023-12-29 04:15:24', NULL, NULL, 'Sauces'),
	(125, 'Frente sauces', NULL, NULL, '24439762-k', NULL, NULL, '23500', NULL, 3, 'b', 1, 31, 15, 'Jajajajajaj', 1, 0, '2023-12-29 04:16:00', NULL, NULL, 'Frente sauces'),
	(126, 'Esquina no se llama', NULL, NULL, '24439762-k', NULL, NULL, '23500', NULL, 3, 'b', 1, 31, 15, 'Kiuvoooooo', 1, 0, '2023-12-29 04:17:17', NULL, NULL, 'Esquina no se llama'),
	(127, 'Ropa tendida', NULL, NULL, '24439762-k', NULL, NULL, '23500', NULL, 3, 'b', 1, 31, 15, 'Jojoj', 1, 0, '2023-12-29 04:18:05', NULL, NULL, 'Ropa tendida'),
	(128, 'Talquipan', NULL, NULL, '24439762-k', NULL, NULL, '23500', NULL, 3, 'b', 1, 31, 15, 'Alo', 1, 0, '2023-12-29 04:18:49', NULL, NULL, 'Talquipan'),
	(129, 'Agustin', NULL, NULL, '24439762-k', NULL, NULL, '23500', NULL, 3, 'b', 1, 31, 15, 'Wenaaa po', 1, 0, '2023-12-29 04:19:39', NULL, NULL, 'Agustin'),
	(130, 'La vecina', NULL, NULL, '24439762-k', NULL, NULL, '23500', NULL, 3, 'b', 1, 31, 15, 'Ejoo', 1, 0, '2023-12-29 04:20:24', NULL, NULL, 'La vecina'),
	(131, 'Pasky', NULL, NULL, '24439762-k', NULL, NULL, '23500', NULL, 3, 'b', 1, 31, 15, 'Ñglgk', 1, 0, '2023-12-29 04:24:16', NULL, NULL, 'Pasky'),
	(132, 'Nativa', NULL, NULL, '24439762-k', NULL, NULL, '23500', NULL, 3, 'b', 1, 31, 15, 'Jojo', 1, 0, '2023-12-29 04:29:17', NULL, NULL, 'Nativa'),
	(133, 'Green Park', NULL, NULL, '24439762-k', NULL, NULL, '23000', NULL, 3, 'b', NULL, NULL, 15, 'Kiuv', 1, 0, '2023-12-29 04:30:20', '2023-12-29 04:33:00', NULL, 'Green Park'),
	(134, 'La paloma', NULL, NULL, '24439762-k', NULL, NULL, '23500', NULL, 3, 'b', 1, 31, 15, 'Olaaas', 1, 0, '2023-12-29 04:34:42', NULL, NULL, 'La paloma'),
	(135, 'Esquina', NULL, NULL, '24439762-k', NULL, NULL, '23500', NULL, 3, 'b', 1, 31, 15, 'Ñglgkg', 1, 0, '2023-12-29 04:35:51', NULL, NULL, 'Esquina'),
	(136, 'Emporio Castillo', NULL, NULL, '24439762-k', NULL, NULL, '23500', NULL, 3, 'b', 1, 31, 15, 'Ñglgjfjf', 1, 0, '2023-12-29 04:36:42', NULL, NULL, 'Emporio Castillo'),
	(137, 'Nehuen', NULL, NULL, '24439762-k', NULL, NULL, '23500', NULL, 3, 'b', 1, 31, 15, 'Ñglgkg', 1, 0, '2023-12-29 04:40:25', NULL, NULL, 'Nehuen'),
	(138, 'Tiara', NULL, NULL, '24439762-k', NULL, NULL, '23500', NULL, 3, 'b', 1, 31, 15, 'Ñglgkgkf', 1, 0, '2023-12-29 04:41:19', NULL, NULL, 'Tiara'),
	(139, 'Supermercado Ita', NULL, NULL, '24439762-k', NULL, NULL, '20500', NULL, 1, 'b', 1, 31, 15, 'Ñglgkfk', 1, 0, '2023-12-29 04:42:18', NULL, NULL, 'Supermercado Ita'),
	(140, 'El casero', NULL, NULL, '24439762-k', NULL, NULL, '20500', NULL, 1, 'b', 1, 31, 15, 'Ñglgkgk', 1, 0, '2023-12-29 04:43:26', NULL, NULL, 'El casero'),
	(141, 'El chago', NULL, NULL, '24439762-k', NULL, NULL, '23500', NULL, 3, 'b', 1, 31, 15, 'Hjhff', 1, 0, '2023-12-29 04:44:20', NULL, NULL, 'El chago'),
	(142, 'Anita', NULL, NULL, '24439762-k', NULL, NULL, '23500', NULL, 3, 'b', 1, 31, 15, 'Yyyy', 1, 0, '2023-12-29 04:44:55', NULL, NULL, 'Anita'),
	(143, 'Esquina ferreteria', NULL, NULL, '24439762-k', NULL, NULL, '23500', NULL, 3, 'b', 1, 31, 15, 'Tttt', 1, 0, '2023-12-29 04:46:06', NULL, NULL, 'Esquina ferreteria '),
	(144, 'Emilia', NULL, NULL, '24439762-k', NULL, NULL, '20500', NULL, 1, 'b', 1, 31, 15, 'Eeee', 1, 0, '2023-12-29 04:46:59', NULL, NULL, 'Emilia'),
	(145, 'Super esquina', NULL, NULL, '24439762-k', NULL, NULL, '23500', NULL, 3, 'b', 1, 31, 15, 'Wwww', 1, 0, '2023-12-29 04:47:50', NULL, NULL, 'Super esquina'),
	(146, 'Doc show', NULL, NULL, '24439762-k', NULL, NULL, '20500', NULL, 1, 'b', 1, 31, 15, 'Qqqq', 1, 0, '2023-12-29 04:48:56', NULL, NULL, 'Doc show'),
	(147, 'Franquito', NULL, NULL, '24439762-k', NULL, NULL, '23500', NULL, 3, 'b', 1, 31, 15, 'Aaaa', 1, 0, '2023-12-29 04:50:20', NULL, NULL, 'Franquito'),
	(148, 'El carbon', NULL, NULL, '24439762-k', NULL, NULL, '23500', NULL, 3, 'b', 1, 31, 15, 'Sssss', 1, 0, '2023-12-29 04:51:09', NULL, NULL, 'El carbon'),
	(149, 'Verdu Fruit', NULL, NULL, '24439762-k', NULL, NULL, '23500', NULL, 3, 'b', 1, 31, 15, 'Dddd', 1, 0, '2023-12-29 04:51:55', NULL, NULL, 'Verdu Fruit'),
	(150, 'Sofia', NULL, NULL, '11133935-k', NULL, NULL, '24500', NULL, 3, 'b', 1, 15, 14, 'Colbun', 1, 0, '2023-12-29 15:01:04', NULL, NULL, 'Sofia'),
	(151, 'Newen', NULL, NULL, '11133935-k', NULL, NULL, '25500', NULL, 1, 'b', 1, 15, 14, 'Colbun', 1, 0, '2023-12-29 15:02:31', NULL, NULL, 'Newen'),
	(152, 'Tia meche', NULL, NULL, '11133935-k', NULL, NULL, '24000', NULL, 1, 'b', 1, 15, 14, 'Colbun', 1, 0, '2023-12-29 15:03:27', NULL, NULL, 'Tia meche'),
	(153, 'Negocio 1', NULL, NULL, '11133935-k', NULL, NULL, '24500', NULL, 1, 'b', 1, 15, 14, 'Colbun', 1, 0, '2023-12-29 15:04:31', NULL, NULL, 'Negocio 1'),
	(154, 'Pasteleria Colbun', NULL, NULL, '11133935-k', NULL, NULL, '23500', NULL, 1, 'b', 1, 15, 14, 'Colbun', 1, 0, '2023-12-29 15:05:24', NULL, NULL, 'Pasteleria Colbun'),
	(155, 'Royal', NULL, NULL, '11133935-k', NULL, NULL, '24500', NULL, 3, 'b', 1, 15, 14, 'Colbun', 1, 0, '2023-12-29 15:06:07', NULL, NULL, 'Royal'),
	(156, 'Faiza', NULL, NULL, '11133935-k', NULL, NULL, '26000', NULL, 1, 'b', 1, 15, 14, 'Colbun', 1, 0, '2023-12-29 15:06:51', NULL, NULL, 'Faiza'),
	(157, 'Express', NULL, NULL, '11133935-k', NULL, NULL, '24500', NULL, 3, 'b', 1, 15, 14, 'Colbún', 1, 0, '2023-12-29 15:08:15', NULL, NULL, 'Express'),
	(158, 'Marianita', NULL, NULL, '11133935-k', NULL, NULL, '24500', NULL, 3, 'b', 1, 15, 14, 'Colbún', 1, 0, '2023-12-29 15:09:38', NULL, NULL, 'Marianita'),
	(159, 'Gafe', NULL, NULL, '11133935-k', NULL, NULL, '24500', NULL, 3, 'b', 1, 15, 14, 'Colbún', 1, 0, '2023-12-29 15:11:29', NULL, NULL, 'Gafe'),
	(160, 'Negocio n3', NULL, NULL, '11133935-k', NULL, NULL, '23500', NULL, 1, 'b', 1, 15, 14, 'Colbún', 1, 0, '2023-12-29 15:12:35', NULL, NULL, 'Negocio n3'),
	(161, 'Negocio N2', NULL, NULL, '11133935-k', NULL, NULL, '24500', NULL, 3, 'b', 1, 15, 14, 'Colbún', 1, 0, '2023-12-29 15:13:35', NULL, NULL, 'Negocio N2'),
	(162, 'Maria Eugenia', NULL, NULL, '11133935-k', NULL, NULL, '22000', NULL, 1, 'b', 1, 15, 14, 'Colbún', 1, 0, '2023-12-29 15:14:38', NULL, NULL, 'Maria Eugenia'),
	(163, 'La Wely ', NULL, NULL, '94939578-2', NULL, NULL, '24500', NULL, 3, 'b', 1, 1, 13, 'Bks', 1, 0, '2023-12-29 17:25:56', NULL, NULL, 'La Wely '),
	(164, 'Las rosas ', NULL, NULL, '65487640-1', NULL, NULL, '24.500', NULL, 3, 'b', 1, 1, 13, 'Hsj', 1, 0, '2023-12-29 17:26:33', NULL, NULL, 'Las rosas '),
	(165, 'Lado vulca', NULL, NULL, '74466469-1', NULL, NULL, NULL, NULL, 3, 'b', 1, 1, 13, 'Sjj', 1, 0, '2023-12-29 17:27:10', NULL, NULL, 'Lado vulca'),
	(166, 'Esmeralda ', NULL, NULL, '61489082-7', NULL, NULL, NULL, NULL, 3, 'b', 1, 1, 13, 'Dj', 1, 0, '2023-12-29 17:27:44', NULL, NULL, 'Esmeralda'),
	(167, 'Don Raúl ', NULL, NULL, '23083005-3', NULL, NULL, NULL, NULL, 3, 'b', 1, 1, 13, 'Sjjsjsjs', 1, 0, '2023-12-29 17:29:22', NULL, NULL, 'Don raul'),
	(168, 'San Bartolo ', NULL, NULL, '43571985-6', NULL, NULL, NULL, NULL, 3, 'b', 1, 1, 13, 'Jddj', 1, 0, '2023-12-29 17:30:45', NULL, NULL, 'San bartolo'),
	(169, 'Suegra plana ', NULL, NULL, '76283305-0', NULL, NULL, NULL, NULL, 4, 'b', 1, 1, 13, 'Djxj', 1, 0, '2023-12-29 17:31:33', NULL, NULL, 'Suegra plana'),
	(170, 'Frente suegra plana', NULL, NULL, '96842721-0', NULL, NULL, NULL, NULL, 3, 'b', 1, 1, 13, 'Dndjd', 1, 0, '2023-12-29 17:32:23', NULL, NULL, 'Frente suegra plana'),
	(171, 'Maca', NULL, NULL, '77653232-0', NULL, NULL, NULL, NULL, 3, 'b', 1, 1, 13, 'Sjsj', 1, 0, '2023-12-29 17:33:17', NULL, NULL, 'Maca'),
	(172, 'Frente departamentos ', NULL, NULL, '34066051-k', NULL, NULL, NULL, NULL, 2, 'b', 1, 1, 13, 'Jshsj', 1, 0, '2023-12-29 17:34:17', NULL, NULL, 'Frente departamentos '),
	(173, 'Cultura Japonesa ', NULL, NULL, '35667579-7', NULL, NULL, NULL, NULL, 2, 'b', 1, 1, 13, 'Sjdj', 1, 0, '2023-12-29 17:35:09', NULL, NULL, 'Cultura japonesa'),
	(174, 'Bandera 1', NULL, NULL, '9397655-k', NULL, NULL, NULL, NULL, 3, 'b', 1, 1, 13, 'Jsjs', 1, 0, '2023-12-29 17:36:17', NULL, NULL, 'Bandera 1'),
	(175, 'Don Nato', NULL, NULL, '34940969-0', NULL, NULL, NULL, NULL, 3, 'b', 1, 1, 13, 'Djdjd', 1, 0, '2023-12-29 17:37:01', NULL, NULL, 'Don Nato'),
	(176, 'Pobre Lalo', NULL, NULL, '86116401-2', NULL, NULL, NULL, NULL, 3, 'b', 1, 1, 13, 'Ndjd', 1, 0, '2023-12-29 17:37:41', NULL, NULL, 'Pobre Lalo'),
	(177, 'Departamento', NULL, NULL, '47426538-2', NULL, NULL, NULL, NULL, 3, 'b', 1, 1, 13, 'Sff', 1, 0, '2023-12-29 17:38:20', NULL, NULL, 'Departamento'),
	(178, 'Arabe', NULL, NULL, '13917600-6', NULL, NULL, NULL, NULL, 3, 'b', 1, 1, 13, 'Skd', 1, 0, '2023-12-29 17:39:18', NULL, NULL, 'Arabe'),
	(179, 'Gasparin ', NULL, NULL, '559661430', NULL, NULL, NULL, NULL, 3, 'b', 1, 1, 13, 'Jsjs', 1, 0, '2023-12-29 17:40:06', NULL, NULL, 'Gasparin'),
	(180, 'Doña florencia', NULL, NULL, '19521239-2', NULL, NULL, NULL, NULL, 3, 'b', 1, 1, 13, 'Dndjd', 1, 0, '2023-12-29 17:40:43', NULL, NULL, 'Doña Florencia '),
	(181, 'Buenos Aires', NULL, NULL, '23809366-k', NULL, NULL, '23500', NULL, 1, 'b', 1, 17, 16, 'Parral', 1, 0, '2023-12-29 17:59:57', NULL, NULL, 'Buenos Aires'),
	(182, 'Los monitos', NULL, NULL, '23809366-k', NULL, NULL, '25500', NULL, 1, 'b', 1, 17, 16, 'Parral', 1, 0, '2023-12-29 18:02:14', NULL, NULL, 'Los monitos'),
	(183, 'Economica', NULL, NULL, '23809366-k', NULL, NULL, '24000', NULL, 3, 'b', 1, 17, 16, 'Parral', 1, 0, '2023-12-29 18:03:12', NULL, NULL, 'Economica'),
	(184, 'Don Jose', NULL, NULL, '23809366-k', NULL, NULL, '22500', NULL, 1, 'b', 1, 17, 16, 'Parral', 1, 0, '2023-12-29 18:03:49', NULL, NULL, 'Don jose'),
	(185, 'Juanita', NULL, NULL, '23809366-k', NULL, NULL, '21500', NULL, 1, 'b', 1, 17, 16, 'Parral', 1, 0, '2023-12-29 18:04:22', NULL, NULL, 'Juanita'),
	(186, 'Choli', NULL, NULL, '23809366-k', NULL, NULL, '21000', NULL, 1, 'b', 1, 17, 16, 'Parral', 1, 0, '2023-12-29 18:04:59', NULL, NULL, 'Choli'),
	(187, 'Celoso', NULL, NULL, '23809366-k', NULL, NULL, '22500', NULL, 1, 'b', 1, 17, 16, 'Parral', 1, 0, '2023-12-29 18:05:28', NULL, NULL, 'Celoso'),
	(188, 'San pedro por mayor', NULL, NULL, '23809366-k', NULL, NULL, '24500', NULL, 3, 'b', 1, 17, 16, 'Parral', 1, 0, '2023-12-29 18:06:17', NULL, NULL, 'San pedro por mayor'),
	(189, 'Negocio escondido', NULL, NULL, '23809366-k', NULL, NULL, '24000', NULL, 1, 'b', 1, 17, 16, 'Parral', 1, 0, '2023-12-29 18:07:04', NULL, NULL, 'Negocio escondido'),
	(190, 'Vuelta negocio escondido', NULL, NULL, '23809366-k', NULL, NULL, '23000', NULL, 1, 'b', 1, 17, 16, 'Parral', 1, 0, '2023-12-29 18:07:41', NULL, NULL, 'Vuelta negocio escondido'),
	(191, 'Tia Tita', NULL, NULL, '23809366-k', NULL, NULL, '25500', NULL, 3, 'b', 1, 17, 16, 'Parral', 1, 0, '2023-12-29 18:08:28', NULL, NULL, 'Tia tita'),
	(192, 'Pio', NULL, NULL, '23809366-k', NULL, NULL, '21500', NULL, 1, 'b', 1, 17, 16, 'Parral', 1, 0, '2023-12-29 18:09:24', NULL, NULL, 'Pio'),
	(193, 'Emilio', NULL, NULL, '23809366-k', NULL, NULL, '25500', NULL, 3, 'b', 1, 17, 16, 'Parral', 1, 0, '2023-12-29 18:09:56', NULL, NULL, 'Emilio'),
	(194, 'Milo', NULL, NULL, '23809366-k', NULL, NULL, '22000', NULL, 1, 'b', 1, 17, 16, 'Parral', 1, 0, '2023-12-29 18:10:57', NULL, NULL, 'Milo'),
	(195, 'Estefano', NULL, NULL, '23809366-k', NULL, NULL, '24000', NULL, 1, 'b', 1, 17, 16, 'Parral', 1, 0, '2023-12-29 18:11:37', NULL, NULL, 'Estefano'),
	(196, 'La 21', NULL, NULL, '23809366-k', NULL, NULL, '21000', NULL, 1, 'b', 1, 17, 16, 'Parral', 1, 0, '2023-12-29 18:12:20', NULL, NULL, 'La 21'),
	(197, 'El canal', NULL, NULL, '23809366-k', NULL, NULL, '22500', NULL, 1, 'b', 1, 17, 16, 'Parral', 1, 0, '2023-12-29 18:24:03', NULL, NULL, 'El canal'),
	(198, 'Don Jolo', NULL, NULL, '23809366-k', NULL, NULL, '26000', NULL, 3, 'b', 1, 17, 16, 'Parral', 1, 0, '2023-12-29 18:24:37', NULL, NULL, 'Don Jolo'),
	(199, 'Señora Reja', NULL, NULL, '23809366-k', NULL, NULL, '24500', NULL, 1, 'b', 1, 17, 16, 'Parral', 1, 0, '2023-12-29 18:25:18', NULL, NULL, 'Señora Reja'),
	(200, 'Princesita Trinidad', NULL, NULL, '23809366-k', NULL, NULL, '22500', NULL, 1, 'b', 1, 17, 16, 'Parral', 1, 0, '2023-12-29 18:25:57', NULL, NULL, 'Princesita Teinidad'),
	(201, 'Don Raul', NULL, NULL, '23809366-k', NULL, NULL, '23500', NULL, 1, 'b', 1, 17, 16, 'Parral', 1, 0, '2023-12-29 18:27:20', NULL, NULL, 'Don Raul'),
	(202, 'Santa Daniela', NULL, NULL, '23809366-k', NULL, NULL, '22500', NULL, 3, 'b', 1, 17, 16, 'Parral', 1, 0, '2023-12-29 18:28:02', NULL, NULL, 'Santa Daniela'),
	(203, 'Yiyo', NULL, NULL, '23809366-k', NULL, NULL, '26000', NULL, 3, 'b', 1, 17, 16, 'Parral', 1, 0, '2023-12-29 18:28:38', NULL, NULL, 'Yiyo'),
	(204, 'Ciro', NULL, NULL, '23809366-k', NULL, NULL, '23500', NULL, 1, 'b', 1, 17, 16, 'Parral', 1, 0, '2023-12-29 18:29:51', NULL, NULL, 'Ciro'),
	(205, 'Lado Copebal', NULL, NULL, '23809366-k', NULL, NULL, '26000', NULL, 4, 'b', 1, 17, 16, 'Parral', 1, 0, '2023-12-29 18:30:29', NULL, NULL, 'Lado copebal'),
	(206, 'Walter', NULL, NULL, '23809366-k', NULL, NULL, '24000', NULL, 3, 'b', 1, 17, 16, 'Parral', 1, 0, '2023-12-29 18:31:11', NULL, NULL, 'Walter'),
	(207, 'Don Queso', NULL, NULL, '23809366-k', NULL, NULL, '19500', NULL, 1, 'b', 1, 17, 16, 'Parral', 1, 0, '2023-12-29 18:31:58', NULL, NULL, 'Don queso'),
	(208, 'Gollito', NULL, NULL, '23809366-k', NULL, NULL, '19800', NULL, 1, 'b', 1, 17, 16, 'Parral', 1, 0, '2023-12-29 18:32:29', NULL, NULL, 'Gollito'),
	(209, 'Tokitos', NULL, NULL, '23809366-k', NULL, NULL, '22000', NULL, 3, 'b', 1, 17, 16, 'Parral', 1, 0, '2023-12-29 18:33:01', NULL, NULL, 'Tokitos'),
	(210, 'Don Cristofer', NULL, NULL, '23809366-k', NULL, NULL, '22500', NULL, 1, 'b', 1, 17, 16, 'Parral', 1, 0, '2023-12-29 18:33:33', NULL, NULL, 'Don Cristofer'),
	(211, 'Don Lalo', NULL, NULL, '70153026-8', NULL, NULL, NULL, NULL, 3, 'b', 1, 1, 13, 'Jajs', 1, 0, '2024-01-02 21:05:14', NULL, NULL, 'Don Lalo '),
	(212, 'Don Dario ', NULL, NULL, '37228946-5', NULL, NULL, '24.000', NULL, 3, 'b', 1, 1, 13, 'Nsns', 1, 0, '2024-01-02 21:06:07', NULL, NULL, 'Don Dario'),
	(213, 'Don dago', NULL, NULL, '44970768-0', NULL, NULL, '24.500', NULL, 3, 'b', 1, 1, 13, 'Djjd', 1, 0, '2024-01-02 21:12:10', NULL, NULL, 'Don Dago'),
	(214, 'Pelucas', NULL, NULL, '44933438-8', NULL, NULL, '25.000', NULL, 3, 'b', 1, 1, 13, 'Nsjs', 1, 0, '2024-01-02 21:13:27', NULL, NULL, 'Pelucas '),
	(215, 'Después de los pelucas ', NULL, NULL, '24848577-9', NULL, NULL, '25.000', NULL, 3, 'b', 1, 1, 13, 'Ndjd', 1, 0, '2024-01-02 21:14:56', NULL, NULL, 'Después de los pelucas'),
	(216, 'Don Claudio FC', NULL, NULL, '68113719-k', NULL, NULL, NULL, NULL, 3, 'b', 1, 1, 13, 'Kdjd', 1, 0, '2024-01-02 21:15:56', NULL, NULL, 'Don Claudio'),
	(217, 'Los profesores', NULL, NULL, '89843430-3', NULL, NULL, '25.000', NULL, 3, 'b', 1, 1, 13, 'Jsjs', 1, 0, '2024-01-02 21:16:55', NULL, NULL, 'Los profesores '),
	(218, 'Negocio Camus 5 ', NULL, NULL, '7239208-6', NULL, NULL, '25.000', NULL, 3, 'b', 1, 1, 13, 'Jsjsjs', 1, 0, '2024-01-02 21:20:45', NULL, NULL, 'Negocio Camus 5'),
	(219, 'El chicho', NULL, NULL, '33115250-1', NULL, NULL, '25.000', NULL, 3, 'b', 1, 1, 13, 'Nsjs', 1, 0, '2024-01-02 21:21:46', NULL, NULL, 'El chicho '),
	(220, 'El Naufrago', NULL, NULL, '84161513-1', NULL, NULL, '24.000', NULL, 3, 'b', 1, 1, 13, 'Djkd', 1, 0, '2024-01-02 21:22:57', NULL, NULL, 'El Naufrago'),
	(221, 'Las praderas N1', NULL, NULL, '90417141-7', NULL, NULL, '25.000 ', NULL, 3, 'b', 1, 1, 13, 'Nsjsj', 1, 0, '2024-01-02 21:26:28', NULL, NULL, 'Las praderas N1'),
	(222, 'Las praderas N2', NULL, NULL, '34224960-4', NULL, NULL, '25.000', NULL, 3, 'b', 1, 1, 13, 'Jdd', 1, 0, '2024-01-02 22:04:39', NULL, NULL, 'Las praderas N2'),
	(223, 'Ex oasis', NULL, NULL, '50428135-3', NULL, NULL, '25.000', NULL, 3, 'b', 1, 1, 13, 'Hdjd', 1, 0, '2024-01-02 22:07:19', NULL, NULL, 'Ex oasis '),
	(224, 'Maracaibo ', NULL, NULL, '85647978-1', NULL, NULL, '25.000', NULL, 3, 'b', 1, 1, 13, 'Jsjsksjs', 1, 0, '2024-01-02 22:12:09', NULL, NULL, 'Maracaibo'),
	(225, 'Maracaibo ', NULL, NULL, '85647978-1', NULL, NULL, '25.000', NULL, 3, 'b', 1, 1, 13, 'Jsjsksjs', 1, 1, '2024-01-02 22:12:10', NULL, '2024-01-02 22:12:24', 'Maracaibo'),
	(226, 'Después de Angelica ', NULL, NULL, '52714788-3', NULL, NULL, '25.000', NULL, 3, 'b', 1, 1, 13, 'Ksjs', 1, 0, '2024-01-02 22:14:37', NULL, NULL, 'Después de Angelica '),
	(227, 'Después de Palma', NULL, NULL, '67191103-2', NULL, NULL, '25.000', NULL, 3, 'b', NULL, NULL, 13, 'Ksjs', 1, 0, '2024-01-02 22:15:32', '2024-01-02 22:16:53', NULL, 'Después de Palma'),
	(228, 'Palma', NULL, NULL, '67731521-0', NULL, NULL, '25.000', NULL, 3, 'b', 1, 1, 13, 'Snjs', 1, 0, '2024-01-02 22:18:20', NULL, NULL, 'Palma'),
	(229, 'Esquina rinco', NULL, NULL, '19842126-k', NULL, NULL, '25.000', NULL, 3, 'b', 1, 1, 13, 'Nsjsks', 1, 0, '2024-01-02 22:19:46', NULL, NULL, 'Esquina Rinco '),
	(230, 'Frente cancha', NULL, NULL, '60981221-4', NULL, NULL, '25.000', NULL, 3, 'b', 1, 1, 13, 'Nsjs', 1, 0, '2024-01-02 22:26:38', NULL, NULL, 'Frente cancha'),
	(231, 'Hugo Dare', NULL, NULL, '12613008-2', NULL, NULL, '25.000', NULL, 3, 'b', 1, 1, 13, 'Ndjsks', 1, 0, '2024-01-02 22:28:32', NULL, NULL, 'Hugo Dare'),
	(232, 'Camilo', NULL, NULL, '40814969-k', NULL, NULL, '25.000', NULL, 3, 'b', 1, 1, 13, 'Sijs', 1, 0, '2024-01-02 22:29:45', NULL, NULL, 'Camilo'),
	(233, 'Roberto', NULL, NULL, '36774712-9', NULL, NULL, '25.000', NULL, 3, 'b', 1, 1, 13, 'Jsjs', 1, 0, '2024-01-02 22:31:20', NULL, NULL, 'Roberto'),
	(234, 'Brandon lee', NULL, NULL, '78654619-2', NULL, NULL, '25.000', NULL, 3, 'b', 1, 1, 13, 'Isjsks', 1, 0, '2024-01-02 22:49:31', NULL, NULL, 'Brandon lee'),
	(235, 'Pastelería santa barbara', NULL, NULL, '43429489-4', NULL, NULL, '25.000', NULL, 3, 'b', 1, 1, 13, 'NJs', 1, 0, '2024-01-02 22:54:45', NULL, NULL, 'Pastelería Santa Bárbara '),
	(236, 'Suiza', NULL, NULL, '55495509-6', NULL, NULL, '25.000', NULL, 3, 'b', 1, 1, 13, 'Bjg', 1, 0, '2024-01-02 22:57:13', NULL, NULL, 'Suiza'),
	(237, 'Las delicias', NULL, NULL, '44810760-4', NULL, NULL, '25.000', NULL, 3, 'b', 1, 1, 13, 'Djd', 1, 0, '2024-01-02 23:13:39', NULL, NULL, 'Las delicias'),
	(238, 'Don Pablo ', NULL, NULL, '85348688-4', NULL, NULL, '25.000', NULL, 3, 'b', 1, 1, 13, 'Ksjs', 1, 0, '2024-01-02 23:20:28', NULL, NULL, 'Don Pablo '),
	(239, 'Pastelería tania', NULL, NULL, '31371000-9', NULL, NULL, '25.000', NULL, 3, 'b', 1, 1, 13, 'Df', 1, 0, '2024-01-02 23:23:02', NULL, NULL, 'Pastelería tania'),
	(240, 'Pizzería Andrea ', NULL, NULL, '11634421-1', NULL, NULL, '25.000', NULL, 3, 'b', 1, 1, 13, 'Jfjd', 1, 0, '2024-01-02 23:24:00', NULL, NULL, 'Pizzería Andrea '),
	(241, 'Panchito piers', NULL, NULL, '94058957-6', NULL, NULL, '25.000', NULL, 3, 'b', 1, 1, 13, 'Jsjs', 1, 0, '2024-01-02 23:28:47', NULL, NULL, 'Panchito piers '),
	(242, 'Pollo Asado ', NULL, NULL, '40869832-4', NULL, NULL, '25.000', NULL, 3, 'b', 1, 1, 13, 'Djjs', 1, 0, '2024-01-02 23:31:02', NULL, NULL, 'Pollo Asado '),
	(243, 'Galería Brasil', NULL, NULL, '73699165-9', NULL, NULL, '25.000', NULL, 3, 'b', 1, 1, 13, 'Band', 1, 0, '2024-01-02 23:34:48', NULL, NULL, 'Galería Brasil'),
	(244, 'Leo ', NULL, NULL, '82110692-3', NULL, NULL, '25.000', NULL, 3, 'b', 1, 1, 13, 'Jsjs', 1, 0, '2024-01-02 23:35:40', NULL, NULL, 'Leo'),
	(245, 'Blanquita', NULL, NULL, '21809297-7', NULL, NULL, '25.000', NULL, 3, 'b', 1, 2, 12, 'Hi', 1, 0, '2024-01-03 01:58:51', NULL, NULL, 'Blanquita '),
	(246, 'Maxi oferta', NULL, NULL, '57255645-k', NULL, NULL, '25.000', NULL, 3, 'b', 1, 2, 12, 'Siis', 1, 0, '2024-01-03 02:01:11', NULL, NULL, 'Maxi ofertas '),
	(247, 'El pilar ', NULL, NULL, '93257848-4', NULL, NULL, '25.000', NULL, 3, 'b', 1, 2, 12, 'Nsjs', 1, 0, '2024-01-03 02:03:27', NULL, NULL, 'El pilar '),
	(248, 'El pilar ', NULL, NULL, '93257848-4', NULL, NULL, '25.000', NULL, 3, 'b', 1, 2, 12, 'Nsjs', 1, 0, '2024-01-03 02:04:36', NULL, NULL, 'El pilar '),
	(249, 'Morena guapa', NULL, NULL, '18720997-8', NULL, NULL, '25.000', NULL, 3, 'b', 1, 2, 12, 'Did', 1, 0, '2024-01-03 02:05:31', NULL, NULL, 'Morena guapa'),
	(250, 'Después de morena ', NULL, NULL, '37512551-k', NULL, NULL, '25.000', NULL, 3, 'b', 1, 2, 12, 'Kss', 1, 0, '2024-01-03 02:06:11', NULL, NULL, 'Después de morena'),
	(251, 'Mana', NULL, NULL, '11164464-0', NULL, NULL, '25.000', NULL, 3, 'b', 1, 2, 12, 'Nzjd', 1, 0, '2024-01-03 02:06:49', NULL, NULL, 'Mana'),
	(252, 'Mana', NULL, NULL, '63338152-6', NULL, NULL, '25.000', NULL, 3, 'b', 1, 2, 12, 'Jsjs', 1, 0, '2024-01-03 02:07:40', NULL, NULL, 'Mana '),
	(253, 'Negocio lata', NULL, NULL, '69846598-0', NULL, NULL, '25.000', NULL, 3, 'b', 1, 2, 12, 'Nsjs', 1, 0, '2024-01-03 02:08:10', NULL, NULL, 'Negocio lata'),
	(254, 'Kati cami', NULL, NULL, '92319704-4', NULL, NULL, '25.000', NULL, 3, 'b', 1, 2, 12, 'Kskd', 1, 0, '2024-01-03 02:08:47', NULL, NULL, 'Kati cami '),
	(255, 'Negocio F', NULL, NULL, '57120780-k', NULL, NULL, '25.000', NULL, 3, 'b', 1, 2, 12, 'Jzjd', 1, 0, '2024-01-03 02:10:08', NULL, NULL, 'Negocio F'),
	(256, 'Lado puente ', NULL, NULL, '13479653-7', NULL, NULL, '25.000', NULL, 3, 'b', 1, 2, 12, 'Jsjsjs', 1, 0, '2024-01-03 02:11:18', NULL, NULL, 'Lado puente '),
	(257, 'Delifrut', NULL, NULL, '51455442-0', NULL, NULL, '25.000', NULL, 3, 'b', 1, 2, 12, 'Ksjs', 1, 0, '2024-01-03 02:12:13', NULL, NULL, 'Delifrut '),
	(258, 'Esquina raquel', NULL, NULL, '9753760-7', NULL, NULL, '25.000', NULL, 3, 'b', 1, 2, 12, 'Jdjd', 1, 0, '2024-01-03 02:12:43', NULL, NULL, 'Esquina raquel '),
	(259, 'Lonquimay ', NULL, NULL, '51455442-0', NULL, NULL, '23.500', NULL, 3, 'b', NULL, NULL, 12, 'Jsjs', 1, 0, '2024-01-03 02:13:50', '2024-01-03 02:17:15', NULL, 'Lonquimay'),
	(260, 'Panadería Carmelita', NULL, NULL, '44409042-1', NULL, NULL, '23.500', NULL, 3, 'b', NULL, NULL, 12, 'Ksjs', 1, 0, '2024-01-03 02:15:27', '2024-01-03 02:17:45', NULL, 'Panadería carmelitas '),
	(261, 'Tamarugal', NULL, NULL, '17993171-0', NULL, NULL, '25.000', NULL, 3, 'b', 1, 2, 12, 'Siis', 1, 0, '2024-01-03 02:16:14', NULL, NULL, 'Tamarugal'),
	(262, 'Panadería Nativa ', NULL, NULL, '16093810-2', NULL, NULL, '25.000', NULL, 3, 'b', 1, 2, 12, 'Ksks', 1, 0, '2024-01-03 02:19:29', NULL, NULL, 'Panadería  Nativa'),
	(263, 'Acuario', NULL, NULL, '21807062-0', NULL, NULL, '25.000', NULL, 3, 'b', 1, 2, 12, 'Jdjd', 1, 0, '2024-01-03 02:20:00', NULL, NULL, 'Acuario'),
	(264, 'Don Frío ', NULL, NULL, '55373994-2', NULL, NULL, '25.000', NULL, 3, 'b', 1, 2, 12, 'Ksjs', 1, 0, '2024-01-03 02:20:51', NULL, NULL, 'Don Frío '),
	(265, 'Carniceria', NULL, NULL, '21493250-4', NULL, NULL, '25.000', NULL, 3, 'b', 1, 2, 12, 'Jdjd', 1, 0, '2024-01-03 02:21:34', NULL, NULL, 'Carnicería '),
	(266, 'Isabel la weona ', NULL, NULL, '58045689-8', NULL, NULL, '25.000', NULL, 3, 'b', 1, 2, 12, 'Ksjskd', 1, 0, '2024-01-03 02:22:30', NULL, NULL, 'Isabel la weona '),
	(267, 'Fresh market', NULL, NULL, '70014776-2', NULL, NULL, '25.000', NULL, 3, 'b', 1, 2, 12, 'Kdjdkd', 1, 0, '2024-01-03 02:23:28', NULL, NULL, 'Fresh market'),
	(268, 'Barlute ', NULL, NULL, '15194022-6', NULL, NULL, '25.000', NULL, 3, 'b', 1, 2, 12, 'Usjs', 1, 0, '2024-01-03 02:24:12', NULL, NULL, 'Barlute '),
	(269, 'Vieja rica', NULL, NULL, '11356957-3', NULL, NULL, '25.000', NULL, 3, 'b', 1, 2, 12, 'Jsjd', 1, 0, '2024-01-03 02:24:49', NULL, NULL, 'Vieja rica'),
	(270, 'Vieja rica', NULL, NULL, '11356957-3', NULL, NULL, '25.000', NULL, 3, 'b', 1, 2, 12, 'Jsjd', 1, 0, '2024-01-03 02:25:24', NULL, NULL, 'Vieja rica'),
	(271, 'Tía buena onda ', NULL, NULL, '54064547-7', NULL, NULL, '25.000', NULL, 3, 'b', 1, 2, 12, 'Ksjs', 1, 0, '2024-01-03 02:26:28', NULL, NULL, 'Tía buena onda '),
	(272, 'Start market ', NULL, NULL, '62354387-0', NULL, NULL, '25.000', NULL, 3, 'b', 1, 2, 12, 'Jsjs', 1, 0, '2024-01-03 02:31:46', NULL, NULL, 'Start market '),
	(273, 'Sofia', NULL, NULL, '99116437-5', NULL, NULL, '25.000', NULL, 3, 'b', 1, 2, 12, 'Js', 1, 0, '2024-01-03 02:34:28', NULL, NULL, 'Sofia'),
	(274, 'Kriss', NULL, NULL, '93206124-4', NULL, NULL, '25.000', NULL, 3, 'b', 1, 2, 12, 'Jdj', 1, 0, '2024-01-03 02:35:03', NULL, NULL, 'Kriss'),
	(275, 'El Mercadito ', NULL, NULL, '14291011-k', NULL, NULL, '25.000', NULL, 3, 'b', 1, 2, 12, 'Ksksd', 1, 0, '2024-01-03 02:39:28', NULL, NULL, 'El Mercadito '),
	(276, 'San luis ', NULL, NULL, '17228543-0', NULL, NULL, '25.000', NULL, 3, 'b', 1, 2, 12, 'Usdjd', 1, 0, '2024-01-03 02:40:16', NULL, NULL, 'San luis '),
	(277, 'Gold', NULL, NULL, '9469874-k', NULL, NULL, '25.000', NULL, 3, 'b', NULL, NULL, 12, 'Jsjz', 1, 0, '2024-01-03 02:41:58', '2024-01-03 02:43:24', NULL, 'Gold'),
	(278, 'Cafepa ', NULL, NULL, '8484835-2', NULL, NULL, '25.000', NULL, 3, 'b', 1, 2, 12, 'Jddj', 1, 0, '2024-01-03 02:44:18', NULL, NULL, 'Cafepa'),
	(279, 'Bicentenario', NULL, NULL, '93548390-5', NULL, NULL, '25.000', NULL, 3, 'b', 1, 2, 12, 'Tudiduda', 1, 0, '2024-01-03 03:07:55', NULL, NULL, 'Bicentenario '),
	(280, 'Tía Paty ', NULL, NULL, '40116590-8', NULL, NULL, '25.000', NULL, 3, 'b', 1, 2, 12, 'Nsjs', 1, 0, '2024-01-03 03:09:38', NULL, NULL, 'Tía Paty '),
	(281, 'Juanito 2', NULL, NULL, '7083259-3', NULL, NULL, '25.000', NULL, 3, 'b', 1, 2, 12, 'Jdd', 1, 0, '2024-01-03 03:12:20', NULL, NULL, 'Juanito 2'),
	(282, 'Esperanzita ', NULL, NULL, '48209855-k', NULL, NULL, '24000', NULL, 1, 'b', 1, 18, 17, 'Retiro', 1, 0, '2024-01-03 03:18:00', NULL, NULL, 'Esperanzita'),
	(283, 'Mary', NULL, NULL, '48209855-k', NULL, NULL, '25000', NULL, 3, 'b', 1, 18, 17, 'Retiro', 1, 0, '2024-01-03 03:18:33', NULL, NULL, 'Mary'),
	(284, 'Don Andres', NULL, NULL, '48209855-k', NULL, NULL, '25000', NULL, 3, 'b', 1, 18, 17, 'Retiro', 1, 0, '2024-01-03 03:19:07', NULL, NULL, 'Don Andres'),
	(285, 'San esteban', NULL, NULL, '48209855-k', NULL, NULL, '24000', NULL, 1, 'b', 1, 18, 17, 'Retiro', 1, 0, '2024-01-03 03:19:43', NULL, NULL, 'San esteban'),
	(286, 'Los angeles', NULL, NULL, '48209855-k', NULL, NULL, '25500', NULL, 3, 'b', 1, 18, 17, 'Retiro', 1, 0, '2024-01-03 03:20:14', NULL, NULL, 'Los angeles'),
	(287, 'Verdureria', NULL, NULL, '48209855-k', NULL, NULL, '23000', NULL, 1, 'b', 1, 18, 17, 'Retiro', 1, 0, '2024-01-03 03:21:08', NULL, NULL, 'Verdureria'),
	(288, 'Evelin ', NULL, NULL, '10472885-5', NULL, NULL, '25.000', NULL, 3, 'b', 1, 2, 12, 'Jsjs', 1, 0, '2024-01-03 03:21:18', NULL, NULL, 'Evelin '),
	(289, 'Ely', NULL, NULL, '48209855-k', NULL, NULL, '23500', NULL, 1, 'b', 1, 18, 17, 'Retiro', 1, 0, '2024-01-03 03:21:39', NULL, NULL, 'Ely'),
	(290, 'San sebastian', NULL, NULL, '48209855-k', NULL, NULL, '23500', NULL, 1, 'b', 1, 18, 17, 'Retiro', 1, 0, '2024-01-03 03:22:13', NULL, NULL, 'San sebastian'),
	(291, 'Valles de brazas ', NULL, NULL, '30509062-k', NULL, NULL, '25.000', NULL, 3, 'b', 1, 2, 12, 'Jsjs', 1, 0, '2024-01-03 03:25:10', NULL, NULL, 'Valles de brazas '),
	(292, 'Mosaico', NULL, NULL, '26834353-9', NULL, NULL, '29.000', NULL, 4, 'b', 1, 2, 12, 'Ksjs', 1, 0, '2024-01-03 03:26:04', NULL, NULL, 'Mosaico'),
	(293, 'Miri Mari ', NULL, NULL, '25938687-k', NULL, NULL, '25.000', NULL, 3, 'b', 1, 2, 12, 'Jsjz', 1, 0, '2024-01-03 03:27:24', NULL, NULL, 'Miri mari'),
	(294, 'Lado pepa ', NULL, NULL, '69257566-0', NULL, NULL, '25.000', NULL, 3, 'b', 1, 2, 12, 'Jdd', 1, 1, '2024-01-03 03:32:07', NULL, '2024-01-05 14:38:48', 'Lado pepa '),
	(295, 'Bandera luketi ', NULL, NULL, '94689189-4', NULL, NULL, '25.000', NULL, 3, 'b', 1, 2, 12, 'Jsjd', 1, 1, '2024-01-03 03:33:13', NULL, '2024-01-05 14:38:33', 'Bandera luketi '),
	(296, 'Mamá verduras ', NULL, NULL, '94758480-4', NULL, NULL, '25.000', NULL, 3, 'b', 1, 2, 12, 'Js', 1, 1, '2024-01-03 03:34:12', NULL, '2024-01-05 14:38:21', 'Mamá verduras '),
	(297, 'J y C', NULL, NULL, '48209855-k', NULL, NULL, '25000', NULL, 1, 'b', 1, 2, 12, 'Talca', 1, 0, '2024-01-03 03:37:12', NULL, NULL, 'J y C'),
	(298, 'El transportador', NULL, NULL, '48209855-k', NULL, NULL, '24000', NULL, 1, 'b', 1, 2, 12, 'Talca', 1, 0, '2024-01-03 03:37:53', NULL, NULL, 'El transportador'),
	(299, 'Yomi', NULL, NULL, '48209855-k', NULL, NULL, '23000', NULL, 1, 'b', 1, 2, 12, 'Talca', 1, 0, '2024-01-03 03:38:43', NULL, NULL, 'Yomi'),
	(300, 'Pascal', NULL, NULL, '48209855-k', NULL, NULL, '23000', NULL, 1, 'b', 1, 2, 12, 'Talca', 1, 0, '2024-01-03 03:39:12', NULL, NULL, 'Pascal'),
	(301, 'Carmensita', NULL, NULL, '48209855-k', NULL, NULL, '24000', NULL, 3, 'b', 1, 2, 12, 'Talca', 1, 0, '2024-01-03 03:39:47', NULL, NULL, 'Carmensita'),
	(302, 'Vale y muma', NULL, NULL, '48209855-k', NULL, NULL, '24000', NULL, 1, 'b', 1, 2, 12, 'Talca', 1, 0, '2024-01-03 03:40:56', NULL, NULL, 'Vale y muma'),
	(303, 'J y A', NULL, NULL, '48209855-k', NULL, NULL, '25500', NULL, 1, 'b', 1, 2, 12, 'Talca', 1, 0, '2024-01-03 03:41:31', NULL, NULL, 'J y A'),
	(304, 'M y M', NULL, NULL, '48209855-k', NULL, NULL, '25000', NULL, 3, 'b', 1, 2, 12, 'Talca', 1, 0, '2024-01-03 03:42:14', NULL, NULL, 'M y M'),
	(305, 'Los reyes', NULL, NULL, '48209855-k', NULL, NULL, '23000', NULL, 1, 'b', 1, 2, 12, 'Talca', 1, 0, '2024-01-03 03:42:49', NULL, NULL, 'Los reyes'),
	(306, 'Santa ana', NULL, NULL, '48209855-k', NULL, NULL, '23000', NULL, 1, 'b', 1, 2, 12, 'Talca', 1, 0, '2024-01-03 03:43:24', NULL, NULL, 'Santa ana'),
	(307, 'Piruja', NULL, NULL, '48209855-k', NULL, NULL, '23000', NULL, 1, 'b', 1, 2, 12, 'Talca', 1, 0, '2024-01-03 03:43:56', NULL, NULL, 'Piruja'),
	(308, 'San Francisco', NULL, NULL, '48209855-k', NULL, NULL, '24000', NULL, 3, 'b', 1, 2, 12, 'Talca', 1, 0, '2024-01-03 03:44:27', NULL, NULL, 'San Francisco'),
	(309, 'Cony', NULL, NULL, '48209855-k', NULL, NULL, '23000', NULL, 1, 'b', 1, 2, 12, 'Talca', 1, 0, '2024-01-03 03:45:02', NULL, NULL, 'Cony'),
	(310, 'Lado cony', NULL, NULL, '48209855-k', NULL, NULL, '26000', NULL, 3, 'b', 1, 2, 12, 'Talca', 1, 0, '2024-01-03 03:45:34', NULL, NULL, 'Lado cony'),
	(311, 'Negocio azul', NULL, NULL, '48209855-k', NULL, NULL, '25000', NULL, 3, 'b', 1, 2, 12, 'Talca', 1, 0, '2024-01-03 03:46:27', NULL, NULL, 'Negocio azul'),
	(312, 'F y A', NULL, NULL, '48209855-k', NULL, NULL, '24500', NULL, 3, 'b', 1, 2, 12, 'Talca', 1, 0, '2024-01-03 03:47:28', NULL, NULL, 'F y A'),
	(313, 'Mucha publicidad', NULL, NULL, '48209855-k', NULL, NULL, '23500', NULL, 1, 'b', 1, 2, 12, 'Talca', 1, 0, '2024-01-03 03:49:59', NULL, NULL, 'Mucha publicidad'),
	(314, 'Verito', NULL, NULL, '48209855-k', NULL, NULL, '24500', NULL, 3, 'b', 1, 2, 12, 'Talca', 1, 0, '2024-01-03 03:51:04', NULL, NULL, 'Verito'),
	(315, 'San sebastian', NULL, NULL, '48209855-k', NULL, NULL, '24500', NULL, 3, 'b', 1, 2, 12, 'Talca', 1, 0, '2024-01-03 03:52:13', NULL, NULL, 'San sebastian'),
	(316, 'La veguita', NULL, NULL, '48209855-k', NULL, NULL, '24000', NULL, 1, 'b', 1, 2, 12, 'Talca', 1, 0, '2024-01-03 03:53:17', NULL, NULL, 'La veguita'),
	(317, 'Tia ely', NULL, NULL, '48209855-k', NULL, NULL, '24500', NULL, 3, 'b', 1, 2, 12, 'Talca', 1, 0, '2024-01-03 03:54:22', NULL, NULL, 'Tia ely'),
	(318, 'Pan paolita', NULL, NULL, '48209855-k', NULL, NULL, '23000', NULL, 1, 'b', 1, 2, 12, 'Talca', 1, 0, '2024-01-03 03:55:00', NULL, NULL, 'Pan paolita'),
	(319, 'Ely 10 cajas', NULL, NULL, '48209855-k', NULL, NULL, '22000', NULL, 1, 'b', 1, 2, 12, 'Talca', 1, 0, '2024-01-03 03:55:56', NULL, NULL, 'Ely 10 cajas'),
	(320, 'El cabezon', NULL, NULL, '48209855-k', NULL, NULL, '25500', NULL, 3, 'b', 1, 2, 12, 'Talca', 1, 0, '2024-01-03 03:56:31', NULL, NULL, 'El cabezon'),
	(321, 'Rositas', NULL, NULL, '48209855-k', NULL, NULL, '25000', NULL, 3, 'b', 1, 2, 12, 'Talca', 1, 0, '2024-01-03 03:57:15', NULL, NULL, 'Rositas'),
	(322, 'Dimalu', NULL, NULL, '48209855-k', NULL, NULL, '22500', NULL, 3, 'b', 1, 2, 12, 'Talca', 1, 0, '2024-01-03 03:58:02', NULL, NULL, 'Dimalu'),
	(323, 'M y R', NULL, NULL, '48209855-k', NULL, NULL, '25000', NULL, 3, 'b', 1, 2, 12, 'Talca', 1, 0, '2024-01-03 03:58:40', NULL, NULL, 'M y R'),
	(324, 'Seven 7', NULL, NULL, '48209855-k', NULL, NULL, '21000', NULL, 1, 'b', 1, 2, 12, 'Talca', 1, 0, '2024-01-03 03:59:21', NULL, NULL, 'Seven 7'),
	(325, 'San sebastian 2', NULL, NULL, '48209855-k', NULL, NULL, '24800', NULL, 3, 'b', 1, 2, 12, 'Talca', 1, 0, '2024-01-03 04:00:31', NULL, NULL, 'San sebastian 2'),
	(326, 'David', NULL, NULL, '48209855-k', NULL, NULL, '23500', NULL, 1, 'b', 1, 2, 12, 'Talca', 1, 0, '2024-01-03 04:01:52', NULL, NULL, 'David'),
	(327, 'Ivonne', NULL, NULL, '48209855-k', NULL, NULL, '23500', NULL, 1, 'b', 1, 2, 12, 'Talca', 1, 0, '2024-01-03 04:02:29', NULL, NULL, 'Ivonne'),
	(328, 'Belen', NULL, NULL, '48209855-k', NULL, NULL, '24500', NULL, 3, 'b', 1, 2, 12, 'Talca', 1, 0, '2024-01-03 04:03:21', NULL, NULL, 'Belen'),
	(329, 'La huerta', NULL, NULL, '48209855-k', NULL, NULL, '22000', NULL, 1, 'b', 1, 2, 12, 'Talca', 1, 0, '2024-01-03 04:03:53', NULL, NULL, 'La huerta'),
	(330, 'Villa cano', NULL, NULL, '83023926-k', NULL, NULL, '25000', NULL, 3, 'b', 1, 3, 19, 'Curico', 1, 0, '2024-01-03 14:11:56', NULL, NULL, 'Villa cano'),
	(331, 'Alejo', NULL, NULL, '83023926-k', NULL, NULL, '23000', NULL, 1, 'b', 1, 3, 19, 'Curico', 1, 0, '2024-01-03 14:13:56', NULL, NULL, 'Alejo'),
	(332, 'Inca de oro', NULL, NULL, '93546627-k', NULL, NULL, '25500', NULL, 3, 'b', 1, 3, 19, 'Curico', 1, 0, '2024-01-03 14:16:14', NULL, NULL, 'Inca de oro'),
	(333, 'Bandera liketi', NULL, NULL, '94558844-6', NULL, NULL, '25.000', NULL, 3, 'b', 1, 9, 18, 'Djd', 1, 0, '2024-01-05 14:41:44', NULL, NULL, 'Bandera luketi'),
	(334, 'Lado pepa ', NULL, NULL, '99156709-7', NULL, NULL, '25000', NULL, 3, 'b', 1, 9, 18, 'Nszj', 1, 0, '2024-01-05 14:43:53', NULL, NULL, 'Lado pepa'),
	(335, 'Mamá verduras ', NULL, NULL, '67962340-0', NULL, NULL, '25000', NULL, 3, 'b', 1, 9, 18, 'Nsjd', 1, 0, '2024-01-05 14:46:57', NULL, NULL, 'Mamá verduras '),
	(336, 'Hija mamá verdura', NULL, NULL, '70020730-7', NULL, NULL, '25000', NULL, 3, 'b', 1, 9, 18, 'Bdjd', 1, 0, '2024-01-05 14:48:59', NULL, NULL, 'Hija mamá verdura '),
	(337, 'Fredy nescafe', NULL, NULL, '50689121-3', NULL, NULL, '25000', NULL, 3, 'b', 1, 9, 18, 'Kskd', 1, 0, '2024-01-05 14:54:33', NULL, NULL, 'Fredy Nescafe '),
	(338, 'Scott', NULL, NULL, '12218697-0', NULL, NULL, '25000', NULL, 3, 'b', 1, 9, 18, 'Jsz', 1, 0, '2024-01-05 15:01:23', NULL, NULL, 'Scott'),
	(339, 'Fenic', NULL, NULL, '73043188-0', NULL, NULL, '25000', NULL, 3, 'b', 1, 9, 18, 'Ksjd', 1, 0, '2024-01-05 15:04:20', NULL, NULL, 'Fenic'),
	(340, 'No me olvides', NULL, NULL, '7724827-7', NULL, NULL, '25000', NULL, 3, 'b', 1, 9, 18, 'Jsjs', 1, 0, '2024-01-05 15:11:13', NULL, NULL, 'No me olvides'),
	(341, 'Esquina San Jorge', NULL, NULL, '53778155-6', NULL, NULL, '25000', NULL, 3, 'b', 1, 9, 18, 'Ndjz', 1, 0, '2024-01-05 15:12:49', NULL, NULL, 'Esquina San Jorge'),
	(342, 'La petu', NULL, NULL, '78279996-7', NULL, NULL, '25000', NULL, 3, 'b', 1, 9, 18, 'Jsjz', 1, 0, '2024-01-05 15:13:56', NULL, NULL, 'La petu'),
	(343, 'Kobo', NULL, NULL, '99511648-0', NULL, NULL, '25000', NULL, 3, 'b', 1, 9, 18, 'Jsjsks', 1, 0, '2024-01-05 15:17:20', NULL, NULL, 'Kobo'),
	(344, 'Volantin', NULL, NULL, '50964568-k	', NULL, NULL, '22000', NULL, 1, 'b', 1, 3, 19, 'Curico', 1, 1, '2024-01-05 22:43:57', NULL, NULL, 'Volantin'),
	(345, 'Volantin', NULL, NULL, '50964568-k	', NULL, NULL, '22000', NULL, 1, 'b', 1, 3, 19, 'Curico', 1, 1, '2024-01-05 22:44:17', NULL, NULL, 'Volantin'),
	(346, 'cliente prienaasdas', NULL, NULL, '46072758-8	', NULL, NULL, '30000', NULL, 1, 'b', 1, 2, 12, 'ASDASD', 1, 1, '2024-01-06 01:34:41', NULL, '2024-01-06 01:35:03', 'DSADSA'),
	(347, 'Volantin', NULL, NULL, '48171592-k', NULL, NULL, '22000', NULL, 1, 'b', 1, 3, 19, 'Curico', 1, 0, '2024-01-06 16:52:41', NULL, NULL, 'Volantin'),
	(348, 'La javi', NULL, NULL, '48171592-k', NULL, NULL, '23000', NULL, 1, 'b', 1, 3, 19, 'Curico', 1, 0, '2024-01-06 16:53:21', NULL, NULL, 'La javi'),
	(349, 'Manolo', NULL, NULL, '48171592-k', NULL, NULL, '23000', NULL, 3, 'b', 1, 3, 19, 'Curico', 1, 0, '2024-01-06 16:53:58', NULL, NULL, 'Manolo'),
	(350, 'Frente aerodromo', NULL, NULL, '48171592-k', NULL, NULL, '22000', NULL, 1, 'b', 1, 3, 19, 'Curico', 1, 0, '2024-01-06 16:54:46', NULL, NULL, 'Frente aerodromo'),
	(351, 'Huaso', NULL, NULL, '48171592-k', NULL, NULL, '22000', NULL, 1, 'b', 1, 3, 19, 'Curico', 1, 0, '2024-01-06 16:56:48', NULL, NULL, 'Huaso'),
	(352, 'Tia pati', NULL, NULL, '48171592-k', NULL, NULL, '22500', NULL, 1, 'b', 1, 3, 19, 'Curico', 1, 0, '2024-01-06 16:57:28', NULL, NULL, 'Tia pati');

-- Volcando estructura para tabla huevos_ventas1.hv_clientes_ruta
CREATE TABLE IF NOT EXISTS `hv_clientes_ruta` (
  `id` int(11) NOT NULL AUTO_INCREMENT,
  `cliente_id` int(11) DEFAULT NULL,
  `ruta_id` int(11) DEFAULT NULL,
  `posicion` int(11) DEFAULT NULL,
  `venta` tinyint(4) DEFAULT NULL,
  `estado_cliente_ruta_id` int(11) DEFAULT NULL,
  `created_at` timestamp NULL DEFAULT NULL,
  PRIMARY KEY (`id`)
) ENGINE=InnoDB AUTO_INCREMENT=410 DEFAULT CHARSET=utf8mb4 COLLATE=utf8mb4_general_ci;

-- Volcando datos para la tabla huevos_ventas1.hv_clientes_ruta: ~55 rows (aproximadamente)
INSERT INTO `hv_clientes_ruta` (`id`, `cliente_id`, `ruta_id`, `posicion`, `venta`, `estado_cliente_ruta_id`, `created_at`) VALUES
	(295, 47, 25, 1, 0, 1, NULL),
	(296, 48, 25, 2, 0, 2, NULL),
	(297, 49, 25, 3, 0, 2, NULL),
	(298, 50, 25, 4, 0, 2, NULL),
	(299, 51, 25, 5, 0, 2, NULL),
	(300, 52, 25, 6, 0, 2, NULL),
	(301, 53, 25, 7, 0, 2, NULL),
	(302, 54, 25, 8, 0, 2, NULL),
	(303, 55, 25, 9, 0, 2, NULL),
	(304, 56, 25, 10, 0, 2, NULL),
	(305, 57, 25, 11, 0, 2, NULL),
	(306, 58, 25, 12, 0, 2, NULL),
	(307, 59, 25, 13, 0, 2, NULL),
	(308, 60, 25, 14, 0, 2, NULL),
	(309, 61, 25, 15, 0, 2, NULL),
	(310, 62, 25, 16, 0, 2, NULL),
	(311, 63, 25, 17, 0, 2, NULL),
	(312, 64, 25, 18, 0, 2, NULL),
	(313, 65, 25, 19, 0, 2, NULL),
	(314, 66, 25, 20, 0, 2, NULL),
	(315, 67, 26, 1, 0, 1, NULL),
	(316, 68, 26, 2, 0, 1, NULL),
	(317, 71, 26, 3, 0, 2, NULL),
	(318, 72, 26, 4, 0, 2, NULL),
	(319, 73, 26, 5, 0, 2, NULL),
	(320, 74, 26, 6, 0, 2, NULL),
	(321, 76, 26, 7, 0, 2, NULL),
	(322, 77, 26, 8, 0, 2, NULL),
	(323, 78, 26, 9, 0, 2, NULL),
	(324, 80, 26, 10, 0, 2, NULL),
	(325, 81, 26, 11, 0, 2, NULL),
	(326, 82, 26, 12, 0, 2, NULL),
	(327, 83, 26, 13, 0, 2, NULL),
	(328, 69, 26, 14, 0, 2, NULL),
	(329, 70, 26, 15, 0, 2, NULL),
	(330, 75, 26, 16, 0, 2, NULL),
	(331, 79, 26, 17, 0, 2, NULL),
	(332, 69, 27, 1, 0, 1, NULL),
	(333, 70, 27, 2, 0, 1, NULL),
	(334, 75, 27, 3, 0, 1, NULL),
	(335, 79, 27, 4, 0, 1, NULL),
	(336, 84, 27, 5, 0, 1, NULL),
	(337, 67, 27, 6, 0, 1, NULL),
	(338, 68, 27, 7, 0, 1, NULL),
	(339, 71, 27, 8, 0, 1, NULL),
	(340, 72, 27, 9, 0, 1, NULL),
	(341, 73, 27, 10, 0, 1, NULL),
	(342, 74, 27, 11, 0, 1, NULL),
	(343, 76, 27, 12, 0, 2, NULL),
	(344, 77, 27, 13, 0, 1, NULL),
	(345, 78, 27, 14, 0, 1, NULL),
	(346, 80, 27, 15, 0, 1, NULL),
	(347, 81, 27, 16, 0, 1, NULL),
	(348, 82, 27, 17, 0, 1, NULL),
	(349, 83, 27, 18, 0, 1, NULL),
	(350, 86, 28, 1, 0, 2, NULL),
	(351, 87, 28, 2, 0, 2, NULL),
	(352, 88, 28, 3, 0, 2, NULL),
	(353, 89, 28, 4, 0, 2, NULL),
	(354, 90, 28, 5, 0, 2, NULL),
	(355, 91, 28, 6, 0, 2, NULL),
	(356, 92, 28, 7, 0, 2, NULL),
	(357, 93, 28, 8, 0, 2, NULL),
	(358, 94, 28, 9, 0, 2, NULL),
	(359, 95, 28, 10, 0, 2, NULL),
	(360, 163, 28, 11, 0, 2, NULL),
	(361, 164, 28, 12, 0, 2, NULL),
	(362, 165, 28, 13, 0, 2, NULL),
	(363, 166, 28, 14, 0, 2, NULL),
	(364, 167, 28, 15, 0, 2, NULL),
	(365, 168, 28, 16, 0, 2, NULL),
	(366, 169, 28, 17, 0, 2, NULL),
	(367, 170, 28, 18, 0, 2, NULL),
	(368, 171, 28, 19, 0, 2, NULL),
	(369, 172, 28, 20, 0, 2, NULL),
	(370, 173, 28, 21, 0, 2, NULL),
	(371, 174, 28, 22, 0, 2, NULL),
	(372, 175, 28, 23, 0, 2, NULL),
	(373, 176, 28, 24, 0, 2, NULL),
	(374, 177, 28, 25, 0, 2, NULL),
	(375, 178, 28, 26, 0, 2, NULL),
	(376, 179, 28, 27, 0, 2, NULL),
	(377, 180, 28, 28, 0, 2, NULL),
	(378, 211, 28, 29, 0, 2, NULL),
	(379, 212, 28, 30, 0, 2, NULL),
	(380, 213, 28, 31, 0, 2, NULL),
	(381, 214, 28, 32, 0, 2, NULL),
	(382, 215, 28, 33, 0, 2, NULL),
	(383, 216, 28, 34, 0, 2, NULL),
	(384, 217, 28, 35, 0, 2, NULL),
	(385, 218, 28, 36, 0, 2, NULL),
	(386, 219, 28, 37, 0, 2, NULL),
	(387, 220, 28, 38, 0, 2, NULL),
	(388, 221, 28, 39, 0, 2, NULL),
	(389, 222, 28, 40, 0, 2, NULL),
	(390, 223, 28, 41, 0, 2, NULL),
	(391, 224, 28, 42, 0, 2, NULL),
	(392, 226, 28, 43, 0, 2, NULL),
	(393, 228, 28, 44, 0, 2, NULL),
	(394, 229, 28, 45, 0, 2, NULL),
	(395, 230, 28, 46, 0, 2, NULL),
	(396, 231, 28, 47, 0, 2, NULL),
	(397, 232, 28, 48, 0, 2, NULL),
	(398, 233, 28, 49, 0, 2, NULL),
	(399, 234, 28, 50, 0, 2, NULL),
	(400, 235, 28, 51, 0, 2, NULL),
	(401, 236, 28, 52, 0, 2, NULL),
	(402, 237, 28, 53, 0, 2, NULL),
	(403, 238, 28, 54, 0, 2, NULL),
	(404, 239, 28, 55, 0, 2, NULL),
	(405, 240, 28, 56, 0, 2, NULL),
	(406, 241, 28, 57, 0, 2, NULL),
	(407, 242, 28, 58, 0, 2, NULL),
	(408, 243, 28, 59, 0, 2, NULL),
	(409, 244, 28, 60, 0, 2, NULL);

-- Volcando estructura para tabla huevos_ventas1.hv_comunas
CREATE TABLE IF NOT EXISTS `hv_comunas` (
  `id` int(11) NOT NULL AUTO_INCREMENT,
  `nombre` varchar(250) DEFAULT NULL,
  `region_id` int(11) DEFAULT NULL,
  `estado` tinyint(4) DEFAULT NULL,
  `created_at` timestamp NULL DEFAULT NULL,
  PRIMARY KEY (`id`)
) ENGINE=InnoDB AUTO_INCREMENT=32 DEFAULT CHARSET=utf8mb4 COLLATE=utf8mb4_general_ci;

-- Volcando datos para la tabla huevos_ventas1.hv_comunas: ~31 rows (aproximadamente)
INSERT INTO `hv_comunas` (`id`, `nombre`, `region_id`, `estado`, `created_at`) VALUES
	(1, 'LINARES', 1, 1, '2023-10-16 19:31:58'),
	(2, 'TALCA', 1, 1, '2023-10-16 19:32:13'),
	(3, 'CURICÓ', 1, 1, '2023-10-16 19:32:21'),
	(4, 'Cauquenes', 1, 1, '2023-10-16 19:37:23'),
	(5, 'Chanco', 1, 1, '2023-10-16 19:37:32'),
	(6, 'Pelluhue', 1, 1, '2023-10-16 19:37:38'),
	(7, 'Hualañé', 1, 1, '2023-10-16 19:37:46'),
	(8, 'Licantén', 1, 1, '2023-10-16 19:37:54'),
	(9, 'Molina', 1, 1, '2023-10-16 19:38:00'),
	(10, 'Rauco', 1, 1, '2023-10-16 19:38:07'),
	(11, 'Romeral', 1, 1, '2023-10-16 19:38:14'),
	(12, 'Sagrada Familia', 1, 1, '2023-10-16 19:38:20'),
	(13, 'Teno', 1, 1, '2023-10-16 19:38:39'),
	(14, 'Vichuquén', 1, 1, '2023-10-16 19:38:47'),
	(15, 'Colbún', 1, 1, '2023-10-16 19:38:55'),
	(16, 'Longaví', 1, 1, '2023-10-16 19:39:09'),
	(17, 'Parral', 1, 1, '2023-10-16 19:39:16'),
	(18, 'Retiro', 1, 1, '2023-10-16 19:39:32'),
	(19, 'San Javier', 1, 1, '2023-10-16 19:39:41'),
	(20, 'Villa Alegre', 1, 1, '2023-10-16 19:39:50'),
	(21, 'Yerbas Buenas', 1, 1, '2023-10-16 19:39:59'),
	(22, 'Constitución', 1, 1, '2023-10-16 19:40:05'),
	(23, 'Curepto', 1, 1, '2023-10-16 19:40:11'),
	(24, 'Empedrado', 1, 1, '2023-10-16 19:40:18'),
	(25, 'Maule', 1, 1, '2023-10-16 19:40:25'),
	(26, 'Pelarco', 1, 1, '2023-10-16 19:40:31'),
	(27, 'Pencahue', 1, 1, '2023-10-16 19:40:38'),
	(28, 'Río Claro', 1, 1, '2023-10-16 19:40:46'),
	(29, 'San Clemente', 1, 1, '2023-10-16 19:40:56'),
	(30, 'San Rafael', 1, 1, '2023-10-16 19:41:09'),
	(31, 'CHILLAN', 1, 1, '2023-12-29 00:29:14');

-- Volcando estructura para tabla huevos_ventas1.hv_estados_ruta
CREATE TABLE IF NOT EXISTS `hv_estados_ruta` (
  `id` int(11) NOT NULL AUTO_INCREMENT,
  `nombre` varchar(250) NOT NULL DEFAULT '',
  `estado` tinyint(4) DEFAULT 1,
  `created_at` timestamp NULL DEFAULT NULL,
  PRIMARY KEY (`id`)
) ENGINE=InnoDB AUTO_INCREMENT=5 DEFAULT CHARSET=utf8mb4 COLLATE=utf8mb4_general_ci;

-- Volcando datos para la tabla huevos_ventas1.hv_estados_ruta: ~4 rows (aproximadamente)
INSERT INTO `hv_estados_ruta` (`id`, `nombre`, `estado`, `created_at`) VALUES
	(1, 'Completada', 1, '2023-11-14 08:05:21'),
	(2, 'En Ruta', 1, '2023-11-14 08:05:23'),
	(3, 'Cancelada', 1, '2023-11-14 08:05:24'),
	(4, 'Pendiente', 1, '2023-11-14 08:05:25');

-- Volcando estructura para tabla huevos_ventas1.hv_estado_cliente_ruta
CREATE TABLE IF NOT EXISTS `hv_estado_cliente_ruta` (
  `id` int(11) NOT NULL AUTO_INCREMENT,
  `nombre` varchar(50) DEFAULT NULL,
  `estado` int(11) DEFAULT 1,
  `created_at` timestamp NULL DEFAULT NULL,
  PRIMARY KEY (`id`)
) ENGINE=InnoDB AUTO_INCREMENT=4 DEFAULT CHARSET=utf8mb4 COLLATE=utf8mb4_general_ci;

-- Volcando datos para la tabla huevos_ventas1.hv_estado_cliente_ruta: ~3 rows (aproximadamente)
INSERT INTO `hv_estado_cliente_ruta` (`id`, `nombre`, `estado`, `created_at`) VALUES
	(1, 'FINALIZADO', 1, '2023-10-13 18:44:18'),
	(2, 'PENDIENTE', 1, '2023-10-13 18:44:55'),
	(3, 'SIN VENTA', 1, '2023-10-13 18:44:55');

-- Volcando estructura para tabla huevos_ventas1.hv_gastos
CREATE TABLE IF NOT EXISTS `hv_gastos` (
  `id` int(11) NOT NULL AUTO_INCREMENT,
  `nombre` varchar(250) DEFAULT NULL,
  `monto` int(11) DEFAULT NULL,
  `ruta_id` int(11) DEFAULT NULL,
  `estado` tinyint(4) DEFAULT NULL,
  `eliminado` tinyint(4) DEFAULT NULL,
  `created_at` timestamp NULL DEFAULT NULL,
  `updated_at` timestamp NULL DEFAULT NULL,
  `deleted_at` timestamp NULL DEFAULT NULL,
  PRIMARY KEY (`id`)
) ENGINE=InnoDB AUTO_INCREMENT=15 DEFAULT CHARSET=utf8mb4 COLLATE=utf8mb4_general_ci;

-- Volcando datos para la tabla huevos_ventas1.hv_gastos: ~6 rows (aproximadamente)
INSERT INTO `hv_gastos` (`id`, `nombre`, `monto`, `ruta_id`, `estado`, `eliminado`, `created_at`, `updated_at`, `deleted_at`) VALUES
	(9, 'DEPOSITO', 200000, 27, 1, NULL, '2023-12-19 04:22:59', NULL, NULL),
	(10, 'ALMUERZO', 10000, 27, 1, NULL, '2023-12-19 04:23:11', NULL, NULL),
	(11, 'HUGO', 13000, 27, 1, NULL, '2023-12-19 04:23:22', NULL, NULL),
	(12, 'CRISTIAN', 30000, 27, 1, NULL, '2023-12-19 04:23:32', NULL, NULL),
	(13, 'PASAJE ANDRIAN', 1300, 27, 1, NULL, '2023-12-19 04:23:51', NULL, NULL),
	(14, 'PAGO TRABAJADORES', 62000, 27, 1, NULL, '2023-12-19 04:24:10', NULL, NULL);

-- Volcando estructura para tabla huevos_ventas1.hv_grupos
CREATE TABLE IF NOT EXISTS `hv_grupos` (
  `id` int(11) NOT NULL AUTO_INCREMENT,
  `nombre` varchar(250) DEFAULT NULL,
  `estado` tinyint(4) DEFAULT 1,
  `deleted` tinyint(4) DEFAULT 0,
  `created_at` timestamp NULL DEFAULT NULL,
  `updated_at` timestamp NULL DEFAULT NULL,
  `deleted_at` timestamp NULL DEFAULT NULL,
  PRIMARY KEY (`id`)
) ENGINE=InnoDB AUTO_INCREMENT=12 DEFAULT CHARSET=utf8mb4 COLLATE=utf8mb4_general_ci;

-- Volcando datos para la tabla huevos_ventas1.hv_grupos: ~0 rows (aproximadamente)
INSERT INTO `hv_grupos` (`id`, `nombre`, `estado`, `deleted`, `created_at`, `updated_at`, `deleted_at`) VALUES
	(11, 'LINARES', 1, 0, '2024-01-08 04:55:31', NULL, NULL);

-- Volcando estructura para tabla huevos_ventas1.hv_grupo_clientes
CREATE TABLE IF NOT EXISTS `hv_grupo_clientes` (
  `id` int(11) NOT NULL AUTO_INCREMENT,
  `cliente_id` int(11) DEFAULT NULL,
  `grupo_id` int(11) DEFAULT NULL,
  `estado` tinyint(4) DEFAULT 1,
  `deleted` tinyint(4) DEFAULT 0,
  `created_at` timestamp NULL DEFAULT NULL,
  `updated_at` timestamp NULL DEFAULT NULL,
  `deleted_at` timestamp NULL DEFAULT NULL,
  PRIMARY KEY (`id`)
) ENGINE=InnoDB AUTO_INCREMENT=512 DEFAULT CHARSET=utf8mb4 COLLATE=utf8mb4_general_ci;

-- Volcando datos para la tabla huevos_ventas1.hv_grupo_clientes: ~0 rows (aproximadamente)
INSERT INTO `hv_grupo_clientes` (`id`, `cliente_id`, `grupo_id`, `estado`, `deleted`, `created_at`, `updated_at`, `deleted_at`) VALUES
	(452, 86, 11, 1, 0, '2024-01-08 04:55:31', NULL, NULL),
	(453, 87, 11, 1, 0, '2024-01-08 04:55:31', NULL, NULL),
	(454, 88, 11, 1, 0, '2024-01-08 04:55:31', NULL, NULL),
	(455, 89, 11, 1, 0, '2024-01-08 04:55:31', NULL, NULL),
	(456, 90, 11, 1, 0, '2024-01-08 04:55:31', NULL, NULL),
	(457, 91, 11, 1, 0, '2024-01-08 04:55:31', NULL, NULL),
	(458, 92, 11, 1, 0, '2024-01-08 04:55:31', NULL, NULL),
	(459, 93, 11, 1, 0, '2024-01-08 04:55:31', NULL, NULL),
	(460, 94, 11, 1, 0, '2024-01-08 04:55:31', NULL, NULL),
	(461, 95, 11, 1, 0, '2024-01-08 04:55:31', NULL, NULL),
	(462, 163, 11, 1, 0, '2024-01-08 04:55:31', NULL, NULL),
	(463, 164, 11, 1, 0, '2024-01-08 04:55:31', NULL, NULL),
	(464, 165, 11, 1, 0, '2024-01-08 04:55:31', NULL, NULL),
	(465, 166, 11, 1, 0, '2024-01-08 04:55:31', NULL, NULL),
	(466, 167, 11, 1, 0, '2024-01-08 04:55:31', NULL, NULL),
	(467, 168, 11, 1, 0, '2024-01-08 04:55:31', NULL, NULL),
	(468, 169, 11, 1, 0, '2024-01-08 04:55:31', NULL, NULL),
	(469, 170, 11, 1, 0, '2024-01-08 04:55:31', NULL, NULL),
	(470, 171, 11, 1, 0, '2024-01-08 04:55:31', NULL, NULL),
	(471, 172, 11, 1, 0, '2024-01-08 04:55:31', NULL, NULL),
	(472, 173, 11, 1, 0, '2024-01-08 04:55:31', NULL, NULL),
	(473, 174, 11, 1, 0, '2024-01-08 04:55:31', NULL, NULL),
	(474, 175, 11, 1, 0, '2024-01-08 04:55:31', NULL, NULL),
	(475, 176, 11, 1, 0, '2024-01-08 04:55:31', NULL, NULL),
	(476, 177, 11, 1, 0, '2024-01-08 04:55:31', NULL, NULL),
	(477, 178, 11, 1, 0, '2024-01-08 04:55:31', NULL, NULL),
	(478, 179, 11, 1, 0, '2024-01-08 04:55:31', NULL, NULL),
	(479, 180, 11, 1, 0, '2024-01-08 04:55:31', NULL, NULL),
	(480, 211, 11, 1, 0, '2024-01-08 04:55:31', NULL, NULL),
	(481, 212, 11, 1, 0, '2024-01-08 04:55:31', NULL, NULL),
	(482, 213, 11, 1, 0, '2024-01-08 04:55:31', NULL, NULL),
	(483, 214, 11, 1, 0, '2024-01-08 04:55:31', NULL, NULL),
	(484, 215, 11, 1, 0, '2024-01-08 04:55:31', NULL, NULL),
	(485, 216, 11, 1, 0, '2024-01-08 04:55:31', NULL, NULL),
	(486, 217, 11, 1, 0, '2024-01-08 04:55:31', NULL, NULL),
	(487, 218, 11, 1, 0, '2024-01-08 04:55:31', NULL, NULL),
	(488, 219, 11, 1, 0, '2024-01-08 04:55:31', NULL, NULL),
	(489, 220, 11, 1, 0, '2024-01-08 04:55:31', NULL, NULL),
	(490, 221, 11, 1, 0, '2024-01-08 04:55:31', NULL, NULL),
	(491, 222, 11, 1, 0, '2024-01-08 04:55:31', NULL, NULL),
	(492, 223, 11, 1, 0, '2024-01-08 04:55:31', NULL, NULL),
	(493, 224, 11, 1, 0, '2024-01-08 04:55:31', NULL, NULL),
	(494, 226, 11, 1, 0, '2024-01-08 04:55:31', NULL, NULL),
	(495, 228, 11, 1, 0, '2024-01-08 04:55:31', NULL, NULL),
	(496, 229, 11, 1, 0, '2024-01-08 04:55:31', NULL, NULL),
	(497, 230, 11, 1, 0, '2024-01-08 04:55:31', NULL, NULL),
	(498, 231, 11, 1, 0, '2024-01-08 04:55:31', NULL, NULL),
	(499, 232, 11, 1, 0, '2024-01-08 04:55:31', NULL, NULL),
	(500, 233, 11, 1, 0, '2024-01-08 04:55:31', NULL, NULL),
	(501, 234, 11, 1, 0, '2024-01-08 04:55:31', NULL, NULL),
	(502, 235, 11, 1, 0, '2024-01-08 04:55:31', NULL, NULL),
	(503, 236, 11, 1, 0, '2024-01-08 04:55:31', NULL, NULL),
	(504, 237, 11, 1, 0, '2024-01-08 04:55:31', NULL, NULL),
	(505, 238, 11, 1, 0, '2024-01-08 04:55:31', NULL, NULL),
	(506, 239, 11, 1, 0, '2024-01-08 04:55:31', NULL, NULL),
	(507, 240, 11, 1, 0, '2024-01-08 04:55:31', NULL, NULL),
	(508, 241, 11, 1, 0, '2024-01-08 04:55:31', NULL, NULL),
	(509, 242, 11, 1, 0, '2024-01-08 04:55:31', NULL, NULL),
	(510, 243, 11, 1, 0, '2024-01-08 04:55:31', NULL, NULL),
	(511, 244, 11, 1, 0, '2024-01-08 04:55:31', NULL, NULL);

-- Volcando estructura para tabla huevos_ventas1.hv_metodos_pago
CREATE TABLE IF NOT EXISTS `hv_metodos_pago` (
  `id` int(11) NOT NULL AUTO_INCREMENT,
  `nombre` varchar(250) DEFAULT NULL,
  `estado` tinyint(4) DEFAULT NULL,
  `created_at` timestamp NULL DEFAULT NULL,
  PRIMARY KEY (`id`)
) ENGINE=InnoDB AUTO_INCREMENT=5 DEFAULT CHARSET=utf8mb4 COLLATE=utf8mb4_general_ci;

-- Volcando datos para la tabla huevos_ventas1.hv_metodos_pago: ~4 rows (aproximadamente)
INSERT INTO `hv_metodos_pago` (`id`, `nombre`, `estado`, `created_at`) VALUES
	(1, 'FIADO', 1, '2023-10-20 21:44:09'),
	(2, 'EFECTIVO', 1, '2023-10-20 21:44:18'),
	(3, 'TRANSFERENCIA', 1, '2023-10-20 21:44:29'),
	(4, 'DEPOSITO', 1, '2023-10-20 21:44:37');

-- Volcando estructura para tabla huevos_ventas1.hv_monedero
CREATE TABLE IF NOT EXISTS `hv_monedero` (
  `id` int(11) NOT NULL AUTO_INCREMENT,
  `cliente_id` int(11) DEFAULT NULL,
  `saldo` varchar(50) DEFAULT NULL,
  `total_comprado` varchar(50) DEFAULT NULL,
  `total_deuda` varchar(50) DEFAULT NULL,
  `total_pagado` varchar(50) DEFAULT NULL,
  `total_transferencia` varchar(50) DEFAULT NULL,
  `total_deposito` varchar(50) DEFAULT NULL,
  `total_efectivo` varchar(50) DEFAULT NULL,
  `total_fiado` varchar(50) DEFAULT NULL,
  `estado` tinyint(4) DEFAULT NULL,
  `eliminado` tinyint(4) DEFAULT 0,
  `created_at` timestamp NULL DEFAULT NULL,
  `updated_at` timestamp NULL DEFAULT NULL,
  `deleted_at` timestamp NULL DEFAULT NULL,
  PRIMARY KEY (`id`)
) ENGINE=InnoDB AUTO_INCREMENT=427 DEFAULT CHARSET=utf8mb4 COLLATE=utf8mb4_general_ci;

-- Volcando datos para la tabla huevos_ventas1.hv_monedero: ~411 rows (aproximadamente)
INSERT INTO `hv_monedero` (`id`, `cliente_id`, `saldo`, `total_comprado`, `total_deuda`, `total_pagado`, `total_transferencia`, `total_deposito`, `total_efectivo`, `total_fiado`, `estado`, `eliminado`, `created_at`, `updated_at`, `deleted_at`) VALUES
	(16, 1, '0', NULL, '0', '0', '0', '0', '0', '0', 1, 0, '2023-11-20 06:53:56', NULL, NULL),
	(17, 1, '0', NULL, '0', '0', '0', '0', '0', '0', 1, 0, '2023-11-20 07:06:53', NULL, NULL),
	(18, 1, '0', NULL, '0', '0', '0', '0', '0', '0', 1, 0, '2023-11-20 07:07:37', NULL, NULL),
	(19, 1, '0', NULL, '0', '0', '0', '0', '0', '0', 1, 0, '2023-11-20 07:13:12', NULL, NULL),
	(20, 1, '0', NULL, '0', '0', '0', '0', '0', '0', 1, 0, '2023-11-20 07:14:12', NULL, NULL),
	(21, 1, '0', NULL, '0', '0', '0', '0', '0', '0', 1, 0, '2023-11-20 07:15:40', NULL, NULL),
	(22, 1, '0', NULL, '0', '0', '0', '0', '0', '0', 1, 0, '2023-11-20 07:18:48', NULL, NULL),
	(23, 1, '0', NULL, '0', '0', '0', '0', '0', '0', 1, 0, '2023-11-20 07:19:36', NULL, NULL),
	(24, 1, '0', NULL, '0', '0', '0', '0', '0', '0', 1, 0, '2023-11-20 07:20:37', NULL, NULL),
	(25, 1, '0', NULL, '0', '0', '0', '0', '0', '0', 1, 0, '2023-11-20 07:22:19', NULL, NULL),
	(26, 1, '0', NULL, '0', '0', '0', '0', '0', '0', 1, 0, '2023-11-20 07:23:08', NULL, NULL),
	(27, 1, '0', NULL, '0', '0', '0', '0', '0', '0', 1, 0, '2023-11-20 07:23:45', NULL, NULL),
	(28, 1, '0', NULL, '0', '0', '0', '0', '0', '0', 1, 0, '2023-11-20 07:24:29', NULL, NULL),
	(29, 1, '0', NULL, '0', '0', '0', '0', '0', '0', 1, 0, '2023-11-20 07:25:11', NULL, NULL),
	(30, 1, '0', NULL, '0', '0', '0', '0', '0', '0', 1, 0, '2023-11-20 07:25:43', NULL, NULL),
	(31, 1, '0', NULL, '0', '0', '0', '0', '0', '0', 1, 0, '2023-11-20 07:26:21', NULL, NULL),
	(32, 1, '0', NULL, '0', '0', '0', '0', '0', '0', 1, 0, '2023-11-20 07:27:22', NULL, NULL),
	(33, 1, '0', NULL, '0', '0', '0', '0', '0', '0', 1, 0, '2023-11-20 07:27:45', NULL, NULL),
	(34, 1, '0', NULL, '0', '0', '0', '0', '0', '0', 1, 0, '2023-11-20 07:28:40', NULL, NULL),
	(35, 1, '0', NULL, '0', '0', '0', '0', '0', '0', 1, 0, '2023-11-20 07:29:15', NULL, NULL),
	(36, 1, '0', NULL, '0', '0', '0', '0', '0', '0', 1, 0, '2023-11-20 07:29:53', NULL, NULL),
	(37, 1, '0', NULL, '0', '0', '0', '0', '0', '0', 1, 0, '2023-11-20 07:30:21', NULL, NULL),
	(38, 1, '0', NULL, '0', '0', '0', '0', '0', '0', 1, 0, '2023-11-20 07:30:58', NULL, NULL),
	(39, 1, '0', NULL, '0', '0', '0', '0', '0', '0', 1, 0, '2023-11-20 07:31:43', NULL, NULL),
	(40, 1, '0', NULL, '0', '0', '0', '0', '0', '0', 1, 0, '2023-11-20 07:32:33', NULL, NULL),
	(41, 1, '0', NULL, '0', '0', '0', '0', '0', '0', 1, 0, '2023-11-20 07:33:11', NULL, NULL),
	(42, 1, '0', NULL, '0', '0', '0', '0', '0', '0', 1, 0, '2023-11-20 07:33:54', NULL, NULL),
	(43, 1, '0', NULL, '0', '0', '0', '0', '0', '0', 1, 0, '2023-11-20 07:34:24', NULL, NULL),
	(44, 1, '0', NULL, '0', '0', '0', '0', '0', '0', 1, 0, '2023-11-20 07:34:48', NULL, NULL),
	(45, 1, '0', NULL, '0', '0', '0', '0', '0', '0', 1, 0, '2023-11-20 07:35:20', NULL, NULL),
	(46, 1, '0', NULL, '0', '0', '0', '0', '0', '0', 1, 0, '2023-11-20 07:35:54', NULL, NULL),
	(47, 1, '0', NULL, '0', '0', '0', '0', '0', '0', 1, 0, '2023-11-20 07:36:26', NULL, NULL),
	(48, 1, '0', NULL, '0', '0', '0', '0', '0', '0', 1, 0, '2023-11-20 07:36:56', NULL, NULL),
	(49, 12, '-480000', '960000', '480000', '0', '0', '0', '0', '480000', 1, 0, '2023-11-20 07:46:42', '2023-11-23 05:52:38', NULL),
	(50, 13, '-266000', '532000', '266000', '0', '0', '0', '0', '266000', 1, 0, '2023-11-20 07:50:57', '2023-11-23 07:32:29', NULL),
	(51, 14, '0', '320500', '0', '320500', '0', '0', '320500', '0', 1, 0, '2023-11-20 07:52:23', '2023-11-23 07:33:01', NULL),
	(52, 15, '-31500', '591000', '31500', '391500', '31500', '0', '360000', '31500', 1, 0, '2023-11-20 07:53:08', '2023-12-05 05:51:57', NULL),
	(53, 16, '0', '31000', '0', '31000', '0', '0', '31000', '0', 1, 0, '2023-11-20 07:54:04', '2023-11-20 07:54:04', NULL),
	(54, 17, '0', '30000', '0', '30000', '0', '30000', '0', '0', 1, 0, '2023-11-20 07:54:23', '2023-11-20 07:54:23', NULL),
	(55, 18, '-90000', '180000', '90000', '0', '0', '0', '0', '90000', 1, 0, '2023-11-20 07:55:07', '2023-11-20 07:55:07', NULL),
	(56, 19, '0', '177000', '0', '177000', '0', '0', '177000', '0', 1, 0, '2023-11-20 07:56:24', '2023-11-20 07:56:24', NULL),
	(57, 1, '0', NULL, '0', '0', '0', '0', '0', '0', 1, 0, '2023-11-20 07:57:18', NULL, NULL),
	(58, 45, '-30000', '60000', '30000', '0', '0', '0', '0', '30000', 1, 0, '2023-11-20 07:58:26', '2023-11-20 07:58:26', NULL),
	(59, 20, '0', '64000', '0', '64000', '64000', '0', '0', '0', 1, 0, '2023-11-20 07:59:09', '2023-11-20 07:59:09', NULL),
	(60, 21, '0', '31000', '0', '31000', '31000', '0', '0', '0', 1, 0, '2023-11-20 07:59:26', '2023-11-20 07:59:26', NULL),
	(61, 22, '0', '28500', '0', '28500', '28500', '0', '0', '0', 1, 0, '2023-11-20 07:59:55', '2023-11-20 07:59:55', NULL),
	(62, 23, '-171000', '342000', '171000', '0', '0', '0', '0', '171000', 1, 0, '2023-11-20 08:00:43', '2023-11-20 08:00:43', NULL),
	(63, 24, '0', '116000', '0', '116000', '0', '0', '116000', '0', 1, 0, '2023-11-20 08:01:20', '2023-11-20 08:01:20', NULL),
	(64, 26, '0', '28000', '0', '28000', '0', '0', '28000', '0', 1, 0, '2023-11-20 08:01:53', '2023-11-20 08:01:53', NULL),
	(65, 27, '0', '26800', '0', '26800', '0', '0', '26800', '0', 1, 0, '2023-11-20 08:02:12', '2023-11-20 08:02:12', NULL),
	(66, 28, '0', '32000', '0', '32000', '0', '0', '32000', '0', 1, 0, '2023-11-20 08:02:25', '2023-11-20 08:02:25', NULL),
	(67, 29, '0', '31000', '0', '31000', '0', '0', '31000', '0', 1, 0, '2023-11-20 08:02:36', '2023-11-20 08:02:36', NULL),
	(68, 30, '0', '64000', '0', '64000', '0', '0', '64000', '0', 1, 0, '2023-11-20 08:02:46', '2023-11-20 08:02:46', NULL),
	(69, 31, '0', '26500', '0', '26500', '0', '0', '26500', '0', 1, 0, '2023-11-20 08:03:31', '2023-11-20 08:03:31', NULL),
	(70, 32, '0', '31000', '0', '31000', '0', '0', '31000', '0', 1, 0, '2023-11-20 08:03:47', '2023-11-20 08:03:47', NULL),
	(71, 34, '-28000', '56000', '28000', '0', '0', '0', '0', '28000', 1, 0, '2023-11-20 08:04:51', '2023-11-20 08:04:51', NULL),
	(72, 35, '0', '29000', '0', '29000', '0', '0', '29000', '0', 1, 0, '2023-11-20 08:05:04', '2023-11-20 08:05:04', NULL),
	(73, 36, '0', '60000', '0', '60000', '0', '0', '60000', '0', 1, 0, '2023-11-20 08:05:21', '2023-11-20 08:05:21', NULL),
	(74, 37, '0', '140000', '0', '140000', '0', '0', '140000', '0', 1, 0, '2023-11-20 08:06:31', '2023-11-20 08:06:31', NULL),
	(75, 38, '0', '186000', '0', '186000', '0', '0', '186000', '0', 1, 0, '2023-11-20 08:06:47', '2023-11-20 08:06:47', NULL),
	(76, 39, '0', '30000', '0', '30000', '0', '0', '30000', '0', 1, 0, '2023-11-20 08:07:10', '2023-11-20 08:07:10', NULL),
	(77, 40, '0', '28500', '0', '28500', '0', '0', '28500', '0', 1, 0, '2023-11-20 08:07:23', '2023-11-20 08:07:23', NULL),
	(78, 41, '0', '60000', '0', '60000', '0', '0', '60000', '0', 1, 0, '2023-11-20 08:07:41', '2023-11-20 08:07:41', NULL),
	(79, 42, '0', '31000', '0', '31000', '0', '0', '31000', '0', 1, 0, '2023-11-20 08:07:52', '2023-11-20 08:07:52', NULL),
	(80, 43, '0', '30000', '0', '30000', '0', '0', '30000', '0', 1, 0, '2023-11-20 08:08:05', '2023-11-20 08:08:05', NULL),
	(81, 44, '0', '30000', '0', '30000', '0', '0', '30000', '0', 1, 0, '2023-11-20 08:08:17', '2023-11-20 08:08:17', NULL),
	(82, 1, '0', NULL, '0', '0', '0', '0', '0', '0', 1, 0, '2023-11-22 05:17:12', NULL, NULL),
	(83, 1, '0', NULL, '0', '0', '0', '0', '0', '0', 1, 0, '2023-11-22 05:17:59', NULL, NULL),
	(84, 1, '0', NULL, '0', '0', '0', '0', '0', '0', 1, 0, '2023-11-22 05:19:12', NULL, NULL),
	(85, 46, '-108000', '216000', '108000', '0', '0', '0', '0', '108000', 1, 0, '2023-12-06 05:06:38', '2023-12-06 05:51:08', NULL),
	(86, 47, '0', '397500', '0', '397500', '0', '0', '397500', '0', 1, 0, '2023-12-06 05:07:11', '2023-12-19 03:09:49', NULL),
	(87, 48, '0', '49000', '0', '49000', '0', '0', '49000', '0', 1, 0, '2023-12-06 05:08:00', '2023-12-06 05:55:54', NULL),
	(88, 1, '0', NULL, '0', '0', '0', '0', '0', '0', 1, 0, '2023-12-06 05:09:39', NULL, NULL),
	(89, 49, '0', '204000', '0', '204000', '0', '0', '204000', '0', 1, 0, '2023-12-06 05:12:05', '2023-12-06 05:56:22', NULL),
	(90, 1, '0', NULL, '0', '0', '0', '0', '0', '0', 1, 0, '2023-12-06 05:18:20', NULL, NULL),
	(91, 1, '0', NULL, '0', '0', '0', '0', '0', '0', 1, 0, '2023-12-06 05:19:35', NULL, NULL),
	(92, 1, '0', NULL, '0', '0', '0', '0', '0', '0', 1, 0, '2023-12-06 05:20:15', NULL, NULL),
	(93, 1, '0', NULL, '0', '0', '0', '0', '0', '0', 1, 0, '2023-12-06 05:21:08', NULL, NULL),
	(94, 1, '0', NULL, '0', '0', '0', '0', '0', '0', 1, 0, '2023-12-06 05:21:57', NULL, NULL),
	(95, 1, '0', NULL, '0', '0', '0', '0', '0', '0', 1, 0, '2023-12-06 05:22:52', NULL, NULL),
	(96, 1, '0', NULL, '0', '0', '0', '0', '0', '0', 1, 0, '2023-12-06 05:36:55', NULL, NULL),
	(97, 1, '0', NULL, '0', '0', '0', '0', '0', '0', 1, 0, '2023-12-06 05:37:36', NULL, NULL),
	(98, 1, '0', NULL, '0', '0', '0', '0', '0', '0', 1, 0, '2023-12-06 05:38:30', NULL, NULL),
	(99, 1, '0', NULL, '0', '0', '0', '0', '0', '0', 1, 0, '2023-12-06 05:39:20', NULL, NULL),
	(100, 1, '0', NULL, '0', '0', '0', '0', '0', '0', 1, 0, '2023-12-06 05:39:58', NULL, NULL),
	(101, 1, '0', NULL, '0', '0', '0', '0', '0', '0', 1, 0, '2023-12-06 05:40:31', NULL, NULL),
	(102, 1, '0', NULL, '0', '0', '0', '0', '0', '0', 1, 0, '2023-12-06 05:41:12', NULL, NULL),
	(103, 1, '0', NULL, '0', '0', '0', '0', '0', '0', 1, 0, '2023-12-06 05:41:43', NULL, NULL),
	(104, 1, '0', NULL, '0', '0', '0', '0', '0', '0', 1, 0, '2023-12-06 05:42:11', NULL, NULL),
	(105, 1, '0', NULL, '0', '0', '0', '0', '0', '0', 1, 0, '2023-12-06 05:44:26', NULL, NULL),
	(106, 1, '0', NULL, '0', '0', '0', '0', '0', '0', 1, 0, '2023-12-06 05:45:00', NULL, NULL),
	(107, 50, '-53000', '310500', '53000', '204500', '0', '0', '204500', '53000', 1, 0, '2023-12-06 05:58:38', '2023-12-10 23:53:52', NULL),
	(108, 51, '0', '47000', '0', '47000', '0', '0', '47000', '0', 1, 0, '2023-12-06 05:58:59', '2023-12-06 05:58:59', NULL),
	(109, 52, '0', '25500', '0', '25500', '0', '0', '25500', '0', 1, 0, '2023-12-06 05:59:29', '2023-12-06 05:59:29', NULL),
	(110, 53, '0', '27000', '0', '27000', '0', '0', '27000', '0', 1, 0, '2023-12-06 06:03:24', '2023-12-06 06:03:24', NULL),
	(111, 54, '-56000', '112000', '56000', '0', '0', '0', '0', '56000', 1, 0, '2023-12-06 06:03:46', '2023-12-06 06:30:01', NULL),
	(112, 55, '0', '26500', '0', '26500', '0', '0', '26500', '0', 1, 0, '2023-12-06 06:04:25', '2023-12-06 06:04:25', NULL),
	(113, 56, '0', '24500', '0', '24500', '0', '0', '24500', '0', 1, 0, '2023-12-06 06:04:37', '2023-12-06 06:04:37', NULL),
	(114, 57, '-52000', '104000', '52000', '0', '0', '0', '0', '52000', 1, 0, '2023-12-06 06:05:20', '2023-12-06 06:05:20', NULL),
	(115, 58, '-56000', '112000', '56000', '0', '0', '0', '0', '56000', 1, 0, '2023-12-06 06:05:56', '2023-12-06 06:30:22', NULL),
	(116, 59, '-80500', '187500', '80500', '26500', '0', '0', '26500', '80500', 1, 0, '2023-12-06 06:06:48', '2023-12-06 06:31:00', NULL),
	(117, 60, '0', '51000', '0', '51000', '0', '0', '51000', '0', 1, 0, '2023-12-06 06:07:31', '2023-12-06 06:07:31', NULL),
	(118, 61, '-54000', '108000', '54000', '0', '0', '0', '0', '54000', 1, 0, '2023-12-06 06:08:20', '2023-12-06 06:08:20', NULL),
	(119, 62, '0', '25000', '0', '25000', '0', '25000', '0', '0', 1, 0, '2023-12-06 06:10:25', '2023-12-06 06:10:25', NULL),
	(120, 63, '-26500', '53000', '26500', '0', '0', '0', '0', '26500', 1, 0, '2023-12-06 06:10:59', '2023-12-06 06:10:59', NULL),
	(121, 64, '-54000', '267000', '54000', '159000', '0', '0', '159000', '54000', 1, 0, '2023-12-06 06:11:15', '2023-12-14 04:52:55', NULL),
	(122, 65, '-81000', '162000', '81000', '0', '0', '0', '0', '81000', 1, 0, '2023-12-06 06:11:36', '2023-12-06 06:11:36', NULL),
	(123, 66, '-24000', '48000', '24000', '0', '0', '0', '0', '24000', 1, 0, '2023-12-06 06:12:17', '2023-12-06 06:12:17', NULL),
	(124, 1, '0', NULL, '0', '0', '0', '0', '0', '0', 1, 0, '2023-12-19 03:48:27', NULL, NULL),
	(125, 1, '0', NULL, '0', '0', '0', '0', '0', '0', 1, 0, '2023-12-19 03:50:23', NULL, NULL),
	(126, 1, '0', NULL, '0', '0', '0', '0', '0', '0', 1, 0, '2023-12-19 03:51:53', NULL, NULL),
	(127, 1, '0', NULL, '0', '0', '0', '0', '0', '0', 1, 0, '2023-12-19 03:52:56', NULL, NULL),
	(128, 1, '0', NULL, '0', '0', '0', '0', '0', '0', 1, 0, '2023-12-19 03:54:01', NULL, NULL),
	(129, 1, '0', NULL, '0', '0', '0', '0', '0', '0', 1, 0, '2023-12-19 03:54:40', NULL, NULL),
	(130, 1, '0', NULL, '0', '0', '0', '0', '0', '0', 1, 0, '2023-12-19 03:55:58', NULL, NULL),
	(131, 1, '0', NULL, '0', '0', '0', '0', '0', '0', 1, 0, '2023-12-19 03:55:59', NULL, NULL),
	(132, 1, '0', NULL, '0', '0', '0', '0', '0', '0', 1, 0, '2023-12-19 03:56:27', NULL, NULL),
	(133, 1, '0', NULL, '0', '0', '0', '0', '0', '0', 1, 0, '2023-12-19 03:57:17', NULL, NULL),
	(134, 1, '0', NULL, '0', '0', '0', '0', '0', '0', 1, 0, '2023-12-19 03:57:49', NULL, NULL),
	(135, 1, '0', NULL, '0', '0', '0', '0', '0', '0', 1, 0, '2023-12-19 03:58:10', NULL, NULL),
	(136, 1, '0', NULL, '0', '0', '0', '0', '0', '0', 1, 0, '2023-12-19 03:59:03', NULL, NULL),
	(137, 1, '0', NULL, '0', '0', '0', '0', '0', '0', 1, 0, '2023-12-19 03:59:40', NULL, NULL),
	(138, 1, '0', NULL, '0', '0', '0', '0', '0', '0', 1, 0, '2023-12-19 03:59:48', NULL, NULL),
	(139, 1, '0', NULL, '0', '0', '0', '0', '0', '0', 1, 0, '2023-12-19 04:00:20', NULL, NULL),
	(140, 1, '0', NULL, '0', '0', '0', '0', '0', '0', 1, 0, '2023-12-19 04:01:02', NULL, NULL),
	(141, 67, '0', '376000', '0', '376000', '0', '0', '376000', '0', 1, 0, '2023-12-19 04:07:33', '2023-12-19 04:13:51', NULL),
	(142, 68, '0', '47000', '0', '47000', '0', '0', '47000', '0', 1, 0, '2023-12-19 04:07:53', '2023-12-19 04:12:44', NULL),
	(143, 1, '0', NULL, '0', '0', '0', '0', '0', '0', 1, 0, '2023-12-19 04:09:11', NULL, NULL),
	(144, 69, '0', '230000', '0', '230000', '0', '0', '230000', '0', 1, 0, '2023-12-19 04:12:25', '2023-12-19 04:14:24', NULL),
	(145, 84, '0', '159000', '0', '159000', '159000', '0', '0', '0', 1, 0, '2023-12-19 04:13:02', '2023-12-19 04:13:02', NULL),
	(146, 70, '-294000', '588000', '294000', '0', '0', '0', '0', '294000', 1, 0, '2023-12-19 04:14:46', '2023-12-19 04:31:25', NULL),
	(147, 71, '0', '63000', '0', '63000', '0', '0', '63000', '0', 1, 0, '2023-12-19 04:15:27', '2023-12-19 04:15:27', NULL),
	(148, 72, '0', '23500', '0', '23500', '0', '0', '23500', '0', 1, 0, '2023-12-19 04:15:49', '2023-12-19 04:15:49', NULL),
	(149, 74, '0', '48000', '0', '48000', '0', '0', '48000', '0', 1, 0, '2023-12-19 04:16:09', '2023-12-19 04:16:09', NULL),
	(150, 75, '0', '21000', '0', '21000', '0', '0', '21000', '0', 1, 0, '2023-12-19 04:16:26', '2023-12-19 04:16:26', NULL),
	(151, 78, '-24500', '49000', '24500', '0', '0', '0', '0', '24500', 1, 0, '2023-12-19 04:18:29', '2023-12-19 04:18:29', NULL),
	(152, 79, '0', '95200', '0', '95200', '0', '0', '95200', '0', 1, 0, '2023-12-19 04:19:13', '2023-12-19 04:19:13', NULL),
	(153, 80, '0', '50000', '0', '50000', '0', '0', '50000', '0', 1, 0, '2023-12-19 04:19:31', '2023-12-19 04:19:31', NULL),
	(154, 82, '0', '70500', '0', '70500', '0', '0', '70500', '0', 1, 0, '2023-12-19 04:19:55', '2023-12-19 04:19:55', NULL),
	(155, 83, '0', '24000', '0', '24000', '0', '0', '24000', '0', 1, 0, '2023-12-19 04:20:30', '2023-12-19 04:20:30', NULL),
	(156, 81, '0', '120000', '0', '120000', '0', '0', '120000', '0', 1, 0, '2023-12-19 04:20:57', '2023-12-19 04:20:57', NULL),
	(157, 77, '-147000', '294000', '147000', '0', '0', '0', '0', '147000', 1, 0, '2023-12-19 04:21:20', '2023-12-19 04:21:20', NULL),
	(158, 73, '0', '49000', '0', '49000', '0', '0', '49000', '0', 1, 0, '2023-12-19 04:21:36', '2023-12-19 04:21:36', NULL),
	(159, 1, '0', NULL, '0', '0', '0', '0', '0', '0', 1, 0, '2023-12-28 23:32:13', NULL, NULL),
	(160, 1, '0', NULL, '0', '0', '0', '0', '0', '0', 1, 0, '2023-12-28 23:34:38', NULL, NULL),
	(161, 1, '0', NULL, '0', '0', '0', '0', '0', '0', 1, 0, '2023-12-28 23:35:25', NULL, NULL),
	(162, 1, '0', NULL, '0', '0', '0', '0', '0', '0', 1, 0, '2023-12-28 23:36:25', NULL, NULL),
	(163, 1, '0', NULL, '0', '0', '0', '0', '0', '0', 1, 0, '2023-12-28 23:37:12', NULL, NULL),
	(164, 1, '0', NULL, '0', '0', '0', '0', '0', '0', 1, 0, '2023-12-28 23:39:26', NULL, NULL),
	(165, 1, '0', NULL, '0', '0', '0', '0', '0', '0', 1, 0, '2023-12-28 23:41:30', NULL, NULL),
	(166, 1, '0', NULL, '0', '0', '0', '0', '0', '0', 1, 0, '2023-12-28 23:42:29', NULL, NULL),
	(167, 1, '0', NULL, '0', '0', '0', '0', '0', '0', 1, 0, '2023-12-28 23:44:46', NULL, NULL),
	(168, 1, '0', NULL, '0', '0', '0', '0', '0', '0', 1, 0, '2023-12-28 23:49:27', NULL, NULL),
	(169, 1, '0', NULL, '0', '0', '0', '0', '0', '0', 1, 0, '2023-12-28 23:52:27', NULL, NULL),
	(170, 1, '0', NULL, '0', '0', '0', '0', '0', '0', 1, 0, '2023-12-29 00:14:49', NULL, NULL),
	(171, 1, '0', NULL, '0', '0', '0', '0', '0', '0', 1, 0, '2023-12-29 02:55:52', NULL, NULL),
	(172, 1, '0', NULL, '0', '0', '0', '0', '0', '0', 1, 0, '2023-12-29 02:58:21', NULL, NULL),
	(173, 1, '0', NULL, '0', '0', '0', '0', '0', '0', 1, 0, '2023-12-29 02:59:50', NULL, NULL),
	(174, 1, '0', NULL, '0', '0', '0', '0', '0', '0', 1, 0, '2023-12-29 03:01:23', NULL, NULL),
	(175, 1, '0', NULL, '0', '0', '0', '0', '0', '0', 1, 0, '2023-12-29 03:03:58', NULL, NULL),
	(176, 1, '0', NULL, '0', '0', '0', '0', '0', '0', 1, 0, '2023-12-29 03:06:43', NULL, NULL),
	(177, 1, '0', NULL, '0', '0', '0', '0', '0', '0', 1, 0, '2023-12-29 03:08:47', NULL, NULL),
	(178, 1, '0', NULL, '0', '0', '0', '0', '0', '0', 1, 0, '2023-12-29 03:12:35', NULL, NULL),
	(179, 1, '0', NULL, '0', '0', '0', '0', '0', '0', 1, 0, '2023-12-29 03:38:55', NULL, NULL),
	(180, 1, '0', NULL, '0', '0', '0', '0', '0', '0', 1, 0, '2023-12-29 03:40:03', NULL, NULL),
	(181, 1, '0', NULL, '0', '0', '0', '0', '0', '0', 1, 0, '2023-12-29 03:41:02', NULL, NULL),
	(182, 1, '0', NULL, '0', '0', '0', '0', '0', '0', 1, 0, '2023-12-29 03:42:00', NULL, NULL),
	(183, 1, '0', NULL, '0', '0', '0', '0', '0', '0', 1, 0, '2023-12-29 03:43:02', NULL, NULL),
	(184, 1, '0', NULL, '0', '0', '0', '0', '0', '0', 1, 0, '2023-12-29 03:44:10', NULL, NULL),
	(185, 1, '0', NULL, '0', '0', '0', '0', '0', '0', 1, 0, '2023-12-29 03:45:10', NULL, NULL),
	(186, 1, '0', NULL, '0', '0', '0', '0', '0', '0', 1, 0, '2023-12-29 03:47:53', NULL, NULL),
	(187, 1, '0', NULL, '0', '0', '0', '0', '0', '0', 1, 0, '2023-12-29 03:49:06', NULL, NULL),
	(188, 1, '0', NULL, '0', '0', '0', '0', '0', '0', 1, 0, '2023-12-29 03:51:56', NULL, NULL),
	(189, 1, '0', NULL, '0', '0', '0', '0', '0', '0', 1, 0, '2023-12-29 03:54:06', NULL, NULL),
	(190, 1, '0', NULL, '0', '0', '0', '0', '0', '0', 1, 0, '2023-12-29 03:55:24', NULL, NULL),
	(191, 1, '0', NULL, '0', '0', '0', '0', '0', '0', 1, 0, '2023-12-29 04:04:49', NULL, NULL),
	(192, 1, '0', NULL, '0', '0', '0', '0', '0', '0', 1, 0, '2023-12-29 04:06:43', NULL, NULL),
	(193, 1, '0', NULL, '0', '0', '0', '0', '0', '0', 1, 0, '2023-12-29 04:08:01', NULL, NULL),
	(194, 1, '0', NULL, '0', '0', '0', '0', '0', '0', 1, 0, '2023-12-29 04:09:29', NULL, NULL),
	(195, 1, '0', NULL, '0', '0', '0', '0', '0', '0', 1, 0, '2023-12-29 04:10:55', NULL, NULL),
	(196, 1, '0', NULL, '0', '0', '0', '0', '0', '0', 1, 0, '2023-12-29 04:12:51', NULL, NULL),
	(197, 1, '0', NULL, '0', '0', '0', '0', '0', '0', 1, 0, '2023-12-29 04:14:37', NULL, NULL),
	(198, 1, '0', NULL, '0', '0', '0', '0', '0', '0', 1, 0, '2023-12-29 04:15:24', NULL, NULL),
	(199, 1, '0', NULL, '0', '0', '0', '0', '0', '0', 1, 0, '2023-12-29 04:16:00', NULL, NULL),
	(200, 1, '0', NULL, '0', '0', '0', '0', '0', '0', 1, 0, '2023-12-29 04:17:17', NULL, NULL),
	(201, 1, '0', NULL, '0', '0', '0', '0', '0', '0', 1, 0, '2023-12-29 04:18:05', NULL, NULL),
	(202, 1, '0', NULL, '0', '0', '0', '0', '0', '0', 1, 0, '2023-12-29 04:18:49', NULL, NULL),
	(203, 1, '0', NULL, '0', '0', '0', '0', '0', '0', 1, 0, '2023-12-29 04:19:39', NULL, NULL),
	(204, 1, '0', NULL, '0', '0', '0', '0', '0', '0', 1, 0, '2023-12-29 04:20:24', NULL, NULL),
	(205, 1, '0', NULL, '0', '0', '0', '0', '0', '0', 1, 0, '2023-12-29 04:24:16', NULL, NULL),
	(206, 1, '0', NULL, '0', '0', '0', '0', '0', '0', 1, 0, '2023-12-29 04:29:17', NULL, NULL),
	(207, 1, '0', NULL, '0', '0', '0', '0', '0', '0', 1, 0, '2023-12-29 04:30:20', NULL, NULL),
	(208, 1, '0', NULL, '0', '0', '0', '0', '0', '0', 1, 0, '2023-12-29 04:34:42', NULL, NULL),
	(209, 1, '0', NULL, '0', '0', '0', '0', '0', '0', 1, 0, '2023-12-29 04:35:51', NULL, NULL),
	(210, 1, '0', NULL, '0', '0', '0', '0', '0', '0', 1, 0, '2023-12-29 04:36:42', NULL, NULL),
	(211, 1, '0', NULL, '0', '0', '0', '0', '0', '0', 1, 0, '2023-12-29 04:40:25', NULL, NULL),
	(212, 1, '0', NULL, '0', '0', '0', '0', '0', '0', 1, 0, '2023-12-29 04:41:19', NULL, NULL),
	(213, 1, '0', NULL, '0', '0', '0', '0', '0', '0', 1, 0, '2023-12-29 04:42:18', NULL, NULL),
	(214, 1, '0', NULL, '0', '0', '0', '0', '0', '0', 1, 0, '2023-12-29 04:43:26', NULL, NULL),
	(215, 1, '0', NULL, '0', '0', '0', '0', '0', '0', 1, 0, '2023-12-29 04:44:20', NULL, NULL),
	(216, 1, '0', NULL, '0', '0', '0', '0', '0', '0', 1, 0, '2023-12-29 04:44:55', NULL, NULL),
	(217, 1, '0', NULL, '0', '0', '0', '0', '0', '0', 1, 0, '2023-12-29 04:46:06', NULL, NULL),
	(218, 1, '0', NULL, '0', '0', '0', '0', '0', '0', 1, 0, '2023-12-29 04:46:59', NULL, NULL),
	(219, 1, '0', NULL, '0', '0', '0', '0', '0', '0', 1, 0, '2023-12-29 04:47:50', NULL, NULL),
	(220, 1, '0', NULL, '0', '0', '0', '0', '0', '0', 1, 0, '2023-12-29 04:48:56', NULL, NULL),
	(221, 1, '0', NULL, '0', '0', '0', '0', '0', '0', 1, 0, '2023-12-29 04:50:20', NULL, NULL),
	(222, 1, '0', NULL, '0', '0', '0', '0', '0', '0', 1, 0, '2023-12-29 04:51:09', NULL, NULL),
	(223, 1, '0', NULL, '0', '0', '0', '0', '0', '0', 1, 0, '2023-12-29 04:51:55', NULL, NULL),
	(224, 1, '0', NULL, '0', '0', '0', '0', '0', '0', 1, 0, '2023-12-29 15:01:04', NULL, NULL),
	(225, 1, '0', NULL, '0', '0', '0', '0', '0', '0', 1, 0, '2023-12-29 15:02:31', NULL, NULL),
	(226, 1, '0', NULL, '0', '0', '0', '0', '0', '0', 1, 0, '2023-12-29 15:03:27', NULL, NULL),
	(227, 1, '0', NULL, '0', '0', '0', '0', '0', '0', 1, 0, '2023-12-29 15:04:31', NULL, NULL),
	(228, 1, '0', NULL, '0', '0', '0', '0', '0', '0', 1, 0, '2023-12-29 15:05:24', NULL, NULL),
	(229, 1, '0', NULL, '0', '0', '0', '0', '0', '0', 1, 0, '2023-12-29 15:06:07', NULL, NULL),
	(230, 1, '0', NULL, '0', '0', '0', '0', '0', '0', 1, 0, '2023-12-29 15:06:51', NULL, NULL),
	(231, 1, '0', NULL, '0', '0', '0', '0', '0', '0', 1, 0, '2023-12-29 15:08:15', NULL, NULL),
	(232, 1, '0', NULL, '0', '0', '0', '0', '0', '0', 1, 0, '2023-12-29 15:09:38', NULL, NULL),
	(233, 1, '0', NULL, '0', '0', '0', '0', '0', '0', 1, 0, '2023-12-29 15:11:29', NULL, NULL),
	(234, 1, '0', NULL, '0', '0', '0', '0', '0', '0', 1, 0, '2023-12-29 15:12:35', NULL, NULL),
	(235, 1, '0', NULL, '0', '0', '0', '0', '0', '0', 1, 0, '2023-12-29 15:13:35', NULL, NULL),
	(236, 1, '0', NULL, '0', '0', '0', '0', '0', '0', 1, 0, '2023-12-29 15:14:38', NULL, NULL),
	(237, 1, '0', NULL, '0', '0', '0', '0', '0', '0', 1, 0, '2023-12-29 17:25:56', NULL, NULL),
	(238, 1, '0', NULL, '0', '0', '0', '0', '0', '0', 1, 0, '2023-12-29 17:26:33', NULL, NULL),
	(239, 1, '0', NULL, '0', '0', '0', '0', '0', '0', 1, 0, '2023-12-29 17:27:10', NULL, NULL),
	(240, 1, '0', NULL, '0', '0', '0', '0', '0', '0', 1, 0, '2023-12-29 17:27:44', NULL, NULL),
	(241, 1, '0', NULL, '0', '0', '0', '0', '0', '0', 1, 0, '2023-12-29 17:29:22', NULL, NULL),
	(242, 1, '0', NULL, '0', '0', '0', '0', '0', '0', 1, 0, '2023-12-29 17:30:45', NULL, NULL),
	(243, 1, '0', NULL, '0', '0', '0', '0', '0', '0', 1, 0, '2023-12-29 17:31:33', NULL, NULL),
	(244, 1, '0', NULL, '0', '0', '0', '0', '0', '0', 1, 0, '2023-12-29 17:32:23', NULL, NULL),
	(245, 1, '0', NULL, '0', '0', '0', '0', '0', '0', 1, 0, '2023-12-29 17:33:17', NULL, NULL),
	(246, 1, '0', NULL, '0', '0', '0', '0', '0', '0', 1, 0, '2023-12-29 17:34:17', NULL, NULL),
	(247, 1, '0', NULL, '0', '0', '0', '0', '0', '0', 1, 0, '2023-12-29 17:35:09', NULL, NULL),
	(248, 1, '0', NULL, '0', '0', '0', '0', '0', '0', 1, 0, '2023-12-29 17:36:17', NULL, NULL),
	(249, 1, '0', NULL, '0', '0', '0', '0', '0', '0', 1, 0, '2023-12-29 17:37:01', NULL, NULL),
	(250, 1, '0', NULL, '0', '0', '0', '0', '0', '0', 1, 0, '2023-12-29 17:37:41', NULL, NULL),
	(251, 1, '0', NULL, '0', '0', '0', '0', '0', '0', 1, 0, '2023-12-29 17:38:20', NULL, NULL),
	(252, 1, '0', NULL, '0', '0', '0', '0', '0', '0', 1, 0, '2023-12-29 17:39:18', NULL, NULL),
	(253, 1, '0', NULL, '0', '0', '0', '0', '0', '0', 1, 0, '2023-12-29 17:40:06', NULL, NULL),
	(254, 1, '0', NULL, '0', '0', '0', '0', '0', '0', 1, 0, '2023-12-29 17:40:43', NULL, NULL),
	(255, 1, '0', NULL, '0', '0', '0', '0', '0', '0', 1, 0, '2023-12-29 17:59:57', NULL, NULL),
	(256, 1, '0', NULL, '0', '0', '0', '0', '0', '0', 1, 0, '2023-12-29 18:02:14', NULL, NULL),
	(257, 1, '0', NULL, '0', '0', '0', '0', '0', '0', 1, 0, '2023-12-29 18:03:12', NULL, NULL),
	(258, 1, '0', NULL, '0', '0', '0', '0', '0', '0', 1, 0, '2023-12-29 18:03:49', NULL, NULL),
	(259, 1, '0', NULL, '0', '0', '0', '0', '0', '0', 1, 0, '2023-12-29 18:04:22', NULL, NULL),
	(260, 1, '0', NULL, '0', '0', '0', '0', '0', '0', 1, 0, '2023-12-29 18:04:59', NULL, NULL),
	(261, 1, '0', NULL, '0', '0', '0', '0', '0', '0', 1, 0, '2023-12-29 18:05:28', NULL, NULL),
	(262, 1, '0', NULL, '0', '0', '0', '0', '0', '0', 1, 0, '2023-12-29 18:06:17', NULL, NULL),
	(263, 1, '0', NULL, '0', '0', '0', '0', '0', '0', 1, 0, '2023-12-29 18:07:04', NULL, NULL),
	(264, 1, '0', NULL, '0', '0', '0', '0', '0', '0', 1, 0, '2023-12-29 18:07:41', NULL, NULL),
	(265, 1, '0', NULL, '0', '0', '0', '0', '0', '0', 1, 0, '2023-12-29 18:08:28', NULL, NULL),
	(266, 1, '0', NULL, '0', '0', '0', '0', '0', '0', 1, 0, '2023-12-29 18:09:24', NULL, NULL),
	(267, 1, '0', NULL, '0', '0', '0', '0', '0', '0', 1, 0, '2023-12-29 18:09:56', NULL, NULL),
	(268, 1, '0', NULL, '0', '0', '0', '0', '0', '0', 1, 0, '2023-12-29 18:10:57', NULL, NULL),
	(269, 1, '0', NULL, '0', '0', '0', '0', '0', '0', 1, 0, '2023-12-29 18:11:37', NULL, NULL),
	(270, 1, '0', NULL, '0', '0', '0', '0', '0', '0', 1, 0, '2023-12-29 18:12:20', NULL, NULL),
	(271, 1, '0', NULL, '0', '0', '0', '0', '0', '0', 1, 0, '2023-12-29 18:24:03', NULL, NULL),
	(272, 1, '0', NULL, '0', '0', '0', '0', '0', '0', 1, 0, '2023-12-29 18:24:37', NULL, NULL),
	(273, 1, '0', NULL, '0', '0', '0', '0', '0', '0', 1, 0, '2023-12-29 18:25:18', NULL, NULL),
	(274, 1, '0', NULL, '0', '0', '0', '0', '0', '0', 1, 0, '2023-12-29 18:25:57', NULL, NULL),
	(275, 1, '0', NULL, '0', '0', '0', '0', '0', '0', 1, 0, '2023-12-29 18:27:20', NULL, NULL),
	(276, 1, '0', NULL, '0', '0', '0', '0', '0', '0', 1, 0, '2023-12-29 18:28:02', NULL, NULL),
	(277, 1, '0', NULL, '0', '0', '0', '0', '0', '0', 1, 0, '2023-12-29 18:28:38', NULL, NULL),
	(278, 1, '0', NULL, '0', '0', '0', '0', '0', '0', 1, 0, '2023-12-29 18:29:51', NULL, NULL),
	(279, 1, '0', NULL, '0', '0', '0', '0', '0', '0', 1, 0, '2023-12-29 18:30:29', NULL, NULL),
	(280, 1, '0', NULL, '0', '0', '0', '0', '0', '0', 1, 0, '2023-12-29 18:31:11', NULL, NULL),
	(281, 1, '0', NULL, '0', '0', '0', '0', '0', '0', 1, 0, '2023-12-29 18:31:58', NULL, NULL),
	(282, 1, '0', NULL, '0', '0', '0', '0', '0', '0', 1, 0, '2023-12-29 18:32:29', NULL, NULL),
	(283, 1, '0', NULL, '0', '0', '0', '0', '0', '0', 1, 0, '2023-12-29 18:33:01', NULL, NULL),
	(284, 1, '0', NULL, '0', '0', '0', '0', '0', '0', 1, 0, '2023-12-29 18:33:33', NULL, NULL),
	(285, 1, '0', NULL, '0', '0', '0', '0', '0', '0', 1, 0, '2024-01-02 21:05:14', NULL, NULL),
	(286, 1, '0', NULL, '0', '0', '0', '0', '0', '0', 1, 0, '2024-01-02 21:06:07', NULL, NULL),
	(287, 1, '0', NULL, '0', '0', '0', '0', '0', '0', 1, 0, '2024-01-02 21:12:10', NULL, NULL),
	(288, 1, '0', NULL, '0', '0', '0', '0', '0', '0', 1, 0, '2024-01-02 21:13:27', NULL, NULL),
	(289, 1, '0', NULL, '0', '0', '0', '0', '0', '0', 1, 0, '2024-01-02 21:14:56', NULL, NULL),
	(290, 1, '0', NULL, '0', '0', '0', '0', '0', '0', 1, 0, '2024-01-02 21:15:56', NULL, NULL),
	(291, 1, '0', NULL, '0', '0', '0', '0', '0', '0', 1, 0, '2024-01-02 21:16:56', NULL, NULL),
	(292, 1, '0', NULL, '0', '0', '0', '0', '0', '0', 1, 0, '2024-01-02 21:20:45', NULL, NULL),
	(293, 1, '0', NULL, '0', '0', '0', '0', '0', '0', 1, 0, '2024-01-02 21:21:46', NULL, NULL),
	(294, 1, '0', NULL, '0', '0', '0', '0', '0', '0', 1, 0, '2024-01-02 21:22:57', NULL, NULL),
	(295, 1, '0', NULL, '0', '0', '0', '0', '0', '0', 1, 0, '2024-01-02 21:26:28', NULL, NULL),
	(296, 1, '0', NULL, '0', '0', '0', '0', '0', '0', 1, 0, '2024-01-02 22:04:39', NULL, NULL),
	(297, 1, '0', NULL, '0', '0', '0', '0', '0', '0', 1, 0, '2024-01-02 22:07:19', NULL, NULL),
	(298, 1, '0', NULL, '0', '0', '0', '0', '0', '0', 1, 0, '2024-01-02 22:12:09', NULL, NULL),
	(299, 1, '0', NULL, '0', '0', '0', '0', '0', '0', 1, 0, '2024-01-02 22:12:10', NULL, NULL),
	(300, 1, '0', NULL, '0', '0', '0', '0', '0', '0', 1, 0, '2024-01-02 22:14:37', NULL, NULL),
	(301, 1, '0', NULL, '0', '0', '0', '0', '0', '0', 1, 0, '2024-01-02 22:15:32', NULL, NULL),
	(302, 1, '0', NULL, '0', '0', '0', '0', '0', '0', 1, 0, '2024-01-02 22:18:20', NULL, NULL),
	(303, 1, '0', NULL, '0', '0', '0', '0', '0', '0', 1, 0, '2024-01-02 22:19:46', NULL, NULL),
	(304, 1, '0', NULL, '0', '0', '0', '0', '0', '0', 1, 0, '2024-01-02 22:26:38', NULL, NULL),
	(305, 1, '0', NULL, '0', '0', '0', '0', '0', '0', 1, 0, '2024-01-02 22:28:32', NULL, NULL),
	(306, 1, '0', NULL, '0', '0', '0', '0', '0', '0', 1, 0, '2024-01-02 22:29:45', NULL, NULL),
	(307, 1, '0', NULL, '0', '0', '0', '0', '0', '0', 1, 0, '2024-01-02 22:31:20', NULL, NULL),
	(308, 1, '0', NULL, '0', '0', '0', '0', '0', '0', 1, 0, '2024-01-02 22:49:31', NULL, NULL),
	(309, 1, '0', NULL, '0', '0', '0', '0', '0', '0', 1, 0, '2024-01-02 22:54:45', NULL, NULL),
	(310, 1, '0', NULL, '0', '0', '0', '0', '0', '0', 1, 0, '2024-01-02 22:57:13', NULL, NULL),
	(311, 1, '0', NULL, '0', '0', '0', '0', '0', '0', 1, 0, '2024-01-02 23:13:39', NULL, NULL),
	(312, 1, '0', NULL, '0', '0', '0', '0', '0', '0', 1, 0, '2024-01-02 23:20:28', NULL, NULL),
	(313, 1, '0', NULL, '0', '0', '0', '0', '0', '0', 1, 0, '2024-01-02 23:23:02', NULL, NULL),
	(314, 1, '0', NULL, '0', '0', '0', '0', '0', '0', 1, 0, '2024-01-02 23:24:00', NULL, NULL),
	(315, 1, '0', NULL, '0', '0', '0', '0', '0', '0', 1, 0, '2024-01-02 23:28:47', NULL, NULL),
	(316, 1, '0', NULL, '0', '0', '0', '0', '0', '0', 1, 0, '2024-01-02 23:31:02', NULL, NULL),
	(317, 1, '0', NULL, '0', '0', '0', '0', '0', '0', 1, 0, '2024-01-02 23:34:48', NULL, NULL),
	(318, 1, '0', NULL, '0', '0', '0', '0', '0', '0', 1, 0, '2024-01-02 23:35:40', NULL, NULL),
	(319, 1, '0', NULL, '0', '0', '0', '0', '0', '0', 1, 0, '2024-01-03 01:58:51', NULL, NULL),
	(320, 1, '0', NULL, '0', '0', '0', '0', '0', '0', 1, 0, '2024-01-03 02:01:11', NULL, NULL),
	(321, 1, '0', NULL, '0', '0', '0', '0', '0', '0', 1, 0, '2024-01-03 02:03:27', NULL, NULL),
	(322, 1, '0', NULL, '0', '0', '0', '0', '0', '0', 1, 0, '2024-01-03 02:04:36', NULL, NULL),
	(323, 1, '0', NULL, '0', '0', '0', '0', '0', '0', 1, 0, '2024-01-03 02:05:31', NULL, NULL),
	(324, 1, '0', NULL, '0', '0', '0', '0', '0', '0', 1, 0, '2024-01-03 02:06:11', NULL, NULL),
	(325, 1, '0', NULL, '0', '0', '0', '0', '0', '0', 1, 0, '2024-01-03 02:06:49', NULL, NULL),
	(326, 1, '0', NULL, '0', '0', '0', '0', '0', '0', 1, 0, '2024-01-03 02:07:40', NULL, NULL),
	(327, 1, '0', NULL, '0', '0', '0', '0', '0', '0', 1, 0, '2024-01-03 02:08:10', NULL, NULL),
	(328, 1, '0', NULL, '0', '0', '0', '0', '0', '0', 1, 0, '2024-01-03 02:08:47', NULL, NULL),
	(329, 1, '0', NULL, '0', '0', '0', '0', '0', '0', 1, 0, '2024-01-03 02:10:08', NULL, NULL),
	(330, 1, '0', NULL, '0', '0', '0', '0', '0', '0', 1, 0, '2024-01-03 02:11:18', NULL, NULL),
	(331, 1, '0', NULL, '0', '0', '0', '0', '0', '0', 1, 0, '2024-01-03 02:12:13', NULL, NULL),
	(332, 1, '0', NULL, '0', '0', '0', '0', '0', '0', 1, 0, '2024-01-03 02:12:43', NULL, NULL),
	(333, 1, '0', NULL, '0', '0', '0', '0', '0', '0', 1, 0, '2024-01-03 02:13:50', NULL, NULL),
	(334, 1, '0', NULL, '0', '0', '0', '0', '0', '0', 1, 0, '2024-01-03 02:15:27', NULL, NULL),
	(335, 1, '0', NULL, '0', '0', '0', '0', '0', '0', 1, 0, '2024-01-03 02:16:14', NULL, NULL),
	(336, 1, '0', NULL, '0', '0', '0', '0', '0', '0', 1, 0, '2024-01-03 02:19:29', NULL, NULL),
	(337, 1, '0', NULL, '0', '0', '0', '0', '0', '0', 1, 0, '2024-01-03 02:20:00', NULL, NULL),
	(338, 1, '0', NULL, '0', '0', '0', '0', '0', '0', 1, 0, '2024-01-03 02:20:51', NULL, NULL),
	(339, 1, '0', NULL, '0', '0', '0', '0', '0', '0', 1, 0, '2024-01-03 02:21:34', NULL, NULL),
	(340, 1, '0', NULL, '0', '0', '0', '0', '0', '0', 1, 0, '2024-01-03 02:22:30', NULL, NULL),
	(341, 1, '0', NULL, '0', '0', '0', '0', '0', '0', 1, 0, '2024-01-03 02:23:28', NULL, NULL),
	(342, 1, '0', NULL, '0', '0', '0', '0', '0', '0', 1, 0, '2024-01-03 02:24:12', NULL, NULL),
	(343, 1, '0', NULL, '0', '0', '0', '0', '0', '0', 1, 0, '2024-01-03 02:24:49', NULL, NULL),
	(344, 1, '0', NULL, '0', '0', '0', '0', '0', '0', 1, 0, '2024-01-03 02:25:24', NULL, NULL),
	(345, 1, '0', NULL, '0', '0', '0', '0', '0', '0', 1, 0, '2024-01-03 02:26:28', NULL, NULL),
	(346, 1, '0', NULL, '0', '0', '0', '0', '0', '0', 1, 0, '2024-01-03 02:31:46', NULL, NULL),
	(347, 1, '0', NULL, '0', '0', '0', '0', '0', '0', 1, 0, '2024-01-03 02:34:28', NULL, NULL),
	(348, 1, '0', NULL, '0', '0', '0', '0', '0', '0', 1, 0, '2024-01-03 02:35:03', NULL, NULL),
	(349, 1, '0', NULL, '0', '0', '0', '0', '0', '0', 1, 0, '2024-01-03 02:39:28', NULL, NULL),
	(350, 1, '0', NULL, '0', '0', '0', '0', '0', '0', 1, 0, '2024-01-03 02:40:16', NULL, NULL),
	(351, 1, '0', NULL, '0', '0', '0', '0', '0', '0', 1, 0, '2024-01-03 02:41:58', NULL, NULL),
	(352, 1, '0', NULL, '0', '0', '0', '0', '0', '0', 1, 0, '2024-01-03 02:44:18', NULL, NULL),
	(353, 1, '0', NULL, '0', '0', '0', '0', '0', '0', 1, 0, '2024-01-03 03:07:55', NULL, NULL),
	(354, 1, '0', NULL, '0', '0', '0', '0', '0', '0', 1, 0, '2024-01-03 03:09:38', NULL, NULL),
	(355, 1, '0', NULL, '0', '0', '0', '0', '0', '0', 1, 0, '2024-01-03 03:12:20', NULL, NULL),
	(356, 1, '0', NULL, '0', '0', '0', '0', '0', '0', 1, 0, '2024-01-03 03:18:00', NULL, NULL),
	(357, 1, '0', NULL, '0', '0', '0', '0', '0', '0', 1, 0, '2024-01-03 03:18:33', NULL, NULL),
	(358, 1, '0', NULL, '0', '0', '0', '0', '0', '0', 1, 0, '2024-01-03 03:19:07', NULL, NULL),
	(359, 1, '0', NULL, '0', '0', '0', '0', '0', '0', 1, 0, '2024-01-03 03:19:43', NULL, NULL),
	(360, 1, '0', NULL, '0', '0', '0', '0', '0', '0', 1, 0, '2024-01-03 03:20:14', NULL, NULL),
	(361, 1, '0', NULL, '0', '0', '0', '0', '0', '0', 1, 0, '2024-01-03 03:21:08', NULL, NULL),
	(362, 1, '0', NULL, '0', '0', '0', '0', '0', '0', 1, 0, '2024-01-03 03:21:18', NULL, NULL),
	(363, 1, '0', NULL, '0', '0', '0', '0', '0', '0', 1, 0, '2024-01-03 03:21:39', NULL, NULL),
	(364, 1, '0', NULL, '0', '0', '0', '0', '0', '0', 1, 0, '2024-01-03 03:22:13', NULL, NULL),
	(365, 1, '0', NULL, '0', '0', '0', '0', '0', '0', 1, 0, '2024-01-03 03:25:10', NULL, NULL),
	(366, 1, '0', NULL, '0', '0', '0', '0', '0', '0', 1, 0, '2024-01-03 03:26:04', NULL, NULL),
	(367, 1, '0', NULL, '0', '0', '0', '0', '0', '0', 1, 0, '2024-01-03 03:27:24', NULL, NULL),
	(368, 1, '0', NULL, '0', '0', '0', '0', '0', '0', 1, 0, '2024-01-03 03:32:07', NULL, NULL),
	(369, 1, '0', NULL, '0', '0', '0', '0', '0', '0', 1, 0, '2024-01-03 03:33:13', NULL, NULL),
	(370, 1, '0', NULL, '0', '0', '0', '0', '0', '0', 1, 0, '2024-01-03 03:34:12', NULL, NULL),
	(371, 1, '0', NULL, '0', '0', '0', '0', '0', '0', 1, 0, '2024-01-03 03:37:12', NULL, NULL),
	(372, 1, '0', NULL, '0', '0', '0', '0', '0', '0', 1, 0, '2024-01-03 03:37:53', NULL, NULL),
	(373, 1, '0', NULL, '0', '0', '0', '0', '0', '0', 1, 0, '2024-01-03 03:38:43', NULL, NULL),
	(374, 1, '0', NULL, '0', '0', '0', '0', '0', '0', 1, 0, '2024-01-03 03:39:12', NULL, NULL),
	(375, 1, '0', NULL, '0', '0', '0', '0', '0', '0', 1, 0, '2024-01-03 03:39:47', NULL, NULL),
	(376, 1, '0', NULL, '0', '0', '0', '0', '0', '0', 1, 0, '2024-01-03 03:40:56', NULL, NULL),
	(377, 1, '0', NULL, '0', '0', '0', '0', '0', '0', 1, 0, '2024-01-03 03:41:31', NULL, NULL),
	(378, 1, '0', NULL, '0', '0', '0', '0', '0', '0', 1, 0, '2024-01-03 03:42:14', NULL, NULL),
	(379, 1, '0', NULL, '0', '0', '0', '0', '0', '0', 1, 0, '2024-01-03 03:42:49', NULL, NULL),
	(380, 1, '0', NULL, '0', '0', '0', '0', '0', '0', 1, 0, '2024-01-03 03:43:24', NULL, NULL),
	(381, 1, '0', NULL, '0', '0', '0', '0', '0', '0', 1, 0, '2024-01-03 03:43:56', NULL, NULL),
	(382, 1, '0', NULL, '0', '0', '0', '0', '0', '0', 1, 0, '2024-01-03 03:44:27', NULL, NULL),
	(383, 1, '0', NULL, '0', '0', '0', '0', '0', '0', 1, 0, '2024-01-03 03:45:02', NULL, NULL),
	(384, 1, '0', NULL, '0', '0', '0', '0', '0', '0', 1, 0, '2024-01-03 03:45:34', NULL, NULL),
	(385, 1, '0', NULL, '0', '0', '0', '0', '0', '0', 1, 0, '2024-01-03 03:46:27', NULL, NULL),
	(386, 1, '0', NULL, '0', '0', '0', '0', '0', '0', 1, 0, '2024-01-03 03:47:28', NULL, NULL),
	(387, 1, '0', NULL, '0', '0', '0', '0', '0', '0', 1, 0, '2024-01-03 03:49:59', NULL, NULL),
	(388, 1, '0', NULL, '0', '0', '0', '0', '0', '0', 1, 0, '2024-01-03 03:51:04', NULL, NULL),
	(389, 1, '0', NULL, '0', '0', '0', '0', '0', '0', 1, 0, '2024-01-03 03:52:13', NULL, NULL),
	(390, 1, '0', NULL, '0', '0', '0', '0', '0', '0', 1, 0, '2024-01-03 03:53:17', NULL, NULL),
	(391, 1, '0', NULL, '0', '0', '0', '0', '0', '0', 1, 0, '2024-01-03 03:54:22', NULL, NULL),
	(392, 1, '0', NULL, '0', '0', '0', '0', '0', '0', 1, 0, '2024-01-03 03:55:00', NULL, NULL),
	(393, 1, '0', NULL, '0', '0', '0', '0', '0', '0', 1, 0, '2024-01-03 03:55:56', NULL, NULL),
	(394, 1, '0', NULL, '0', '0', '0', '0', '0', '0', 1, 0, '2024-01-03 03:56:31', NULL, NULL),
	(395, 1, '0', NULL, '0', '0', '0', '0', '0', '0', 1, 0, '2024-01-03 03:57:15', NULL, NULL),
	(396, 1, '0', NULL, '0', '0', '0', '0', '0', '0', 1, 0, '2024-01-03 03:58:02', NULL, NULL),
	(397, 1, '0', NULL, '0', '0', '0', '0', '0', '0', 1, 0, '2024-01-03 03:58:40', NULL, NULL),
	(398, 1, '0', NULL, '0', '0', '0', '0', '0', '0', 1, 0, '2024-01-03 03:59:21', NULL, NULL),
	(399, 1, '0', NULL, '0', '0', '0', '0', '0', '0', 1, 0, '2024-01-03 04:00:31', NULL, NULL),
	(400, 1, '0', NULL, '0', '0', '0', '0', '0', '0', 1, 0, '2024-01-03 04:01:52', NULL, NULL),
	(401, 1, '0', NULL, '0', '0', '0', '0', '0', '0', 1, 0, '2024-01-03 04:02:29', NULL, NULL),
	(402, 1, '0', NULL, '0', '0', '0', '0', '0', '0', 1, 0, '2024-01-03 04:03:21', NULL, NULL),
	(403, 1, '0', NULL, '0', '0', '0', '0', '0', '0', 1, 0, '2024-01-03 04:03:53', NULL, NULL),
	(404, 1, '0', NULL, '0', '0', '0', '0', '0', '0', 1, 0, '2024-01-03 14:11:56', NULL, NULL),
	(405, 1, '0', NULL, '0', '0', '0', '0', '0', '0', 1, 0, '2024-01-03 14:13:56', NULL, NULL),
	(406, 1, '0', NULL, '0', '0', '0', '0', '0', '0', 1, 0, '2024-01-03 14:16:14', NULL, NULL),
	(407, 1, '0', NULL, '0', '0', '0', '0', '0', '0', 1, 0, '2024-01-05 14:41:44', NULL, NULL),
	(408, 1, '0', NULL, '0', '0', '0', '0', '0', '0', 1, 0, '2024-01-05 14:43:53', NULL, NULL),
	(409, 1, '0', NULL, '0', '0', '0', '0', '0', '0', 1, 0, '2024-01-05 14:46:57', NULL, NULL),
	(410, 1, '0', NULL, '0', '0', '0', '0', '0', '0', 1, 0, '2024-01-05 14:48:59', NULL, NULL),
	(411, 1, '0', NULL, '0', '0', '0', '0', '0', '0', 1, 0, '2024-01-05 14:54:33', NULL, NULL),
	(412, 1, '0', NULL, '0', '0', '0', '0', '0', '0', 1, 0, '2024-01-05 15:01:23', NULL, NULL),
	(413, 1, '0', NULL, '0', '0', '0', '0', '0', '0', 1, 0, '2024-01-05 15:04:20', NULL, NULL),
	(414, 1, '0', NULL, '0', '0', '0', '0', '0', '0', 1, 0, '2024-01-05 15:11:13', NULL, NULL),
	(415, 1, '0', NULL, '0', '0', '0', '0', '0', '0', 1, 0, '2024-01-05 15:12:49', NULL, NULL),
	(416, 1, '0', NULL, '0', '0', '0', '0', '0', '0', 1, 0, '2024-01-05 15:13:56', NULL, NULL),
	(417, 1, '0', NULL, '0', '0', '0', '0', '0', '0', 1, 0, '2024-01-05 15:17:20', NULL, NULL),
	(418, 1, '0', NULL, '0', '0', '0', '0', '0', '0', 1, 0, '2024-01-05 22:43:57', NULL, NULL),
	(419, 1, '0', NULL, '0', '0', '0', '0', '0', '0', 1, 0, '2024-01-05 22:44:17', NULL, NULL),
	(420, 1, '0', NULL, '0', '0', '0', '0', '0', '0', 1, 0, '2024-01-06 01:34:41', NULL, NULL),
	(421, 1, '0', NULL, '0', '0', '0', '0', '0', '0', 1, 0, '2024-01-06 16:52:41', NULL, NULL),
	(422, 1, '0', NULL, '0', '0', '0', '0', '0', '0', 1, 0, '2024-01-06 16:53:21', NULL, NULL),
	(423, 1, '0', NULL, '0', '0', '0', '0', '0', '0', 1, 0, '2024-01-06 16:53:58', NULL, NULL),
	(424, 1, '0', NULL, '0', '0', '0', '0', '0', '0', 1, 0, '2024-01-06 16:54:46', NULL, NULL),
	(425, 1, '0', NULL, '0', '0', '0', '0', '0', '0', 1, 0, '2024-01-06 16:56:48', NULL, NULL),
	(426, 1, '0', NULL, '0', '0', '0', '0', '0', '0', 1, 0, '2024-01-06 16:57:28', NULL, NULL);

-- Volcando estructura para tabla huevos_ventas1.hv_pagos_venta
CREATE TABLE IF NOT EXISTS `hv_pagos_venta` (
  `id` int(11) NOT NULL AUTO_INCREMENT,
  `venta_id` int(11) DEFAULT NULL,
  `metodo_pago_id` int(11) DEFAULT NULL,
  `fiado_pagado` tinyint(4) DEFAULT 0,
  `ruta_id_fiado_pagado` int(11) DEFAULT NULL,
  `monto_total` varchar(50) DEFAULT NULL,
  `monto_pago_actual` varchar(50) DEFAULT NULL,
  `monto_pagado` varchar(50) DEFAULT NULL,
  `created_at` timestamp NULL DEFAULT NULL,
  PRIMARY KEY (`id`)
) ENGINE=InnoDB AUTO_INCREMENT=155 DEFAULT CHARSET=utf8mb4 COLLATE=utf8mb4_general_ci;

-- Volcando datos para la tabla huevos_ventas1.hv_pagos_venta: ~23 rows (aproximadamente)
INSERT INTO `hv_pagos_venta` (`id`, `venta_id`, `metodo_pago_id`, `fiado_pagado`, `ruta_id_fiado_pagado`, `monto_total`, `monto_pago_actual`, `monto_pagado`, `created_at`) VALUES
	(132, 112, 2, 0, NULL, '265000', '265000', '265000', '2023-12-19 03:09:49'),
	(133, 113, 2, 0, NULL, '188000', '188000', '188000', '2023-12-19 04:07:33'),
	(134, 114, 2, 0, NULL, '23500', '23500', '23500', '2023-12-19 04:07:53'),
	(135, 115, 2, 0, NULL, '188000', '188000', '188000', '2023-12-19 04:12:25'),
	(136, 116, 2, 0, NULL, '23500', '23500', '23500', '2023-12-19 04:12:44'),
	(137, 117, 3, 0, NULL, '159000', '159000', '159000', '2023-12-19 04:13:02'),
	(138, 118, 2, 0, NULL, '188000', '188000', '188000', '2023-12-19 04:13:51'),
	(139, 119, 2, 0, NULL, '42000', '42000', '42000', '2023-12-19 04:14:24'),
	(140, 120, 1, 0, NULL, '147000', '0', '0', '2023-12-19 04:14:46'),
	(141, 121, 2, 0, NULL, '63000', '63000', '63000', '2023-12-19 04:15:27'),
	(142, 122, 2, 0, NULL, '23500', '23500', '23500', '2023-12-19 04:15:49'),
	(143, 123, 2, 0, NULL, '48000', '48000', '48000', '2023-12-19 04:16:09'),
	(144, 124, 2, 0, NULL, '21000', '21000', '21000', '2023-12-19 04:16:26'),
	(145, 125, 1, 0, NULL, '24500', '0', '0', '2023-12-19 04:18:29'),
	(146, 126, 2, 0, NULL, '95200', '95200', '95200', '2023-12-19 04:19:13'),
	(147, 127, 2, 0, NULL, '50000', '50000', '50000', '2023-12-19 04:19:31'),
	(148, 128, 2, 0, NULL, '70500', '70500', '70500', '2023-12-19 04:19:55'),
	(149, 129, 2, 0, NULL, '24000', '24000', '24000', '2023-12-19 04:20:30'),
	(150, 130, 2, 0, NULL, '120000', '120000', '120000', '2023-12-19 04:20:57'),
	(151, 131, 1, 0, NULL, '147000', '0', '0', '2023-12-19 04:21:20'),
	(152, 132, 2, 0, NULL, '49000', '49000', '49000', '2023-12-19 04:21:36'),
	(153, 120, 2, 1, 27, '147000', '147000', '147000', '2023-12-19 04:28:56'),
	(154, 133, 1, 0, NULL, '147000', '0', '0', '2023-12-19 04:31:25');

-- Volcando estructura para tabla huevos_ventas1.hv_perfiles
CREATE TABLE IF NOT EXISTS `hv_perfiles` (
  `id` int(11) NOT NULL AUTO_INCREMENT,
  `codigo` varchar(50) DEFAULT NULL,
  `nombre` varchar(50) DEFAULT NULL,
  `estado` tinyint(4) DEFAULT NULL,
  `mostrar` tinyint(4) DEFAULT NULL,
  `created_at` timestamp NULL DEFAULT NULL,
  `updated_at` timestamp NULL DEFAULT NULL,
  PRIMARY KEY (`id`)
) ENGINE=InnoDB AUTO_INCREMENT=5 DEFAULT CHARSET=utf8mb4 COLLATE=utf8mb4_general_ci;

-- Volcando datos para la tabla huevos_ventas1.hv_perfiles: ~4 rows (aproximadamente)
INSERT INTO `hv_perfiles` (`id`, `codigo`, `nombre`, `estado`, `mostrar`, `created_at`, `updated_at`) VALUES
	(1, '000', 'SUPER ADMINISTRADOR', 1, 0, '2023-10-11 22:33:25', NULL),
	(2, '111', 'ADMINISTRADOR', 1, 1, '2023-10-11 22:33:43', NULL),
	(3, '222', 'CLIENTE', 1, 0, '2023-10-11 22:33:56', NULL),
	(4, '333', 'REPARTIDOR', 1, 1, '2023-10-11 22:34:11', NULL);

-- Volcando estructura para tabla huevos_ventas1.hv_productos
CREATE TABLE IF NOT EXISTS `hv_productos` (
  `id` int(11) NOT NULL AUTO_INCREMENT,
  `nombre` varchar(250) DEFAULT NULL,
  `descripcion` varchar(250) DEFAULT NULL,
  `stock` int(11) DEFAULT NULL,
  `precio` int(11) DEFAULT NULL,
  `categoria_id` int(11) DEFAULT NULL,
  `estado` tinyint(4) DEFAULT NULL,
  `eliminado` tinyint(4) NOT NULL DEFAULT 0,
  `created_at` timestamp NULL DEFAULT NULL,
  `updated_at` timestamp NULL DEFAULT NULL,
  `deleted_at` timestamp NULL DEFAULT NULL,
  PRIMARY KEY (`id`)
) ENGINE=InnoDB AUTO_INCREMENT=5 DEFAULT CHARSET=utf8mb4 COLLATE=utf8mb4_general_ci;

-- Volcando datos para la tabla huevos_ventas1.hv_productos: ~4 rows (aproximadamente)
INSERT INTO `hv_productos` (`id`, `nombre`, `descripcion`, `stock`, `precio`, `categoria_id`, `estado`, `eliminado`, `created_at`, `updated_at`, `deleted_at`) VALUES
	(1, 'Primera', 'Primera', 150, 6000, NULL, 1, 0, '2023-10-10 09:47:39', NULL, NULL),
	(2, 'Segunda', 'Segunda', 200, 8000, NULL, 1, 0, '2023-10-10 09:52:27', NULL, NULL),
	(3, 'Huevos Extra', 'Huevos Extra', 100, 10000, NULL, 1, 0, '2023-10-10 09:56:12', NULL, NULL),
	(4, 'Huevos Super Extra', 'Huevos Super Extra', 300, 12000, NULL, 1, 0, '2023-10-10 09:56:37', NULL, NULL);

-- Volcando estructura para tabla huevos_ventas1.hv_productos_venta
CREATE TABLE IF NOT EXISTS `hv_productos_venta` (
  `id` int(11) NOT NULL AUTO_INCREMENT,
  `tipo_huevo` varchar(50) DEFAULT NULL,
  `formato_huevo` varchar(50) DEFAULT NULL,
  `precio` varchar(50) DEFAULT NULL,
  `cantidad` int(11) DEFAULT NULL,
  `producto_id` int(11) NOT NULL,
  `ruta_id` int(11) DEFAULT NULL,
  `venta_id` int(11) NOT NULL,
  `created_at` timestamp NULL DEFAULT NULL,
  `updated_at` timestamp NULL DEFAULT NULL,
  PRIMARY KEY (`id`)
) ENGINE=InnoDB AUTO_INCREMENT=145 DEFAULT CHARSET=utf8mb4 COLLATE=utf8mb4_general_ci;

-- Volcando datos para la tabla huevos_ventas1.hv_productos_venta: ~22 rows (aproximadamente)
INSERT INTO `hv_productos_venta` (`id`, `tipo_huevo`, `formato_huevo`, `precio`, `cantidad`, `producto_id`, `ruta_id`, `venta_id`, `created_at`, `updated_at`) VALUES
	(123, 'b', 'c', '26500', 10, 2, 25, 112, '2023-12-19 03:09:49', NULL),
	(124, 'b', 'c', '23500', 8, 3, 26, 113, '2023-12-19 04:07:33', NULL),
	(125, 'b', 'c', '23500', 1, 3, 26, 114, '2023-12-19 04:07:53', NULL),
	(126, 'b', 'c', '23500', 8, 3, 27, 115, '2023-12-19 04:12:25', NULL),
	(127, 'b', 'c', '23500', 1, 3, 27, 116, '2023-12-19 04:12:44', NULL),
	(128, 'b', 'c', '26500', 6, 3, 27, 117, '2023-12-19 04:13:02', NULL),
	(129, 'b', 'c', '23500', 8, 3, 27, 118, '2023-12-19 04:13:51', NULL),
	(130, 'b', 'c', '21000', 2, 1, 27, 119, '2023-12-19 04:14:24', NULL),
	(131, 'b', 'c', '24500', 6, 3, 27, 120, '2023-12-19 04:14:46', NULL),
	(132, 'c', 'c', '21000', 3, 1, 27, 121, '2023-12-19 04:15:27', NULL),
	(133, 'b', 'c', '23500', 1, 3, 27, 122, '2023-12-19 04:15:49', NULL),
	(134, 'b', 'c', '24000', 2, 3, 27, 123, '2023-12-19 04:16:09', NULL),
	(135, 'b', 'c', '21000', 1, 1, 27, 124, '2023-12-19 04:16:26', NULL),
	(136, 'b', 'c', '24500', 1, 3, 27, 125, '2023-12-19 04:18:29', NULL),
	(137, 'b', 'c', '23800', 4, 3, 27, 126, '2023-12-19 04:19:13', NULL),
	(138, 'b', 'c', '25000', 2, 3, 27, 127, '2023-12-19 04:19:31', NULL),
	(139, 'b', 'c', '23500', 3, 3, 27, 128, '2023-12-19 04:19:55', NULL),
	(140, 'b', 'c', '24000', 1, 3, 27, 129, '2023-12-19 04:20:30', NULL),
	(141, 'b', 'c', '24000', 5, 3, 27, 130, '2023-12-19 04:20:57', NULL),
	(142, 'b', 'c', '24500', 6, 3, 27, 131, '2023-12-19 04:21:20', NULL),
	(143, 'b', 'c', '24500', 2, 3, 27, 132, '2023-12-19 04:21:36', NULL),
	(144, 'b', 'c', '24500', 6, 3, 27, 133, '2023-12-19 04:31:25', NULL);

-- Volcando estructura para tabla huevos_ventas1.hv_regiones
CREATE TABLE IF NOT EXISTS `hv_regiones` (
  `id` int(11) NOT NULL AUTO_INCREMENT,
  `codigo` varchar(50) DEFAULT NULL,
  `nombre` varchar(250) DEFAULT NULL,
  `estado` tinyint(4) DEFAULT NULL,
  `created_at` timestamp NULL DEFAULT NULL,
  PRIMARY KEY (`id`)
) ENGINE=InnoDB AUTO_INCREMENT=2 DEFAULT CHARSET=utf8mb4 COLLATE=utf8mb4_general_ci;

-- Volcando datos para la tabla huevos_ventas1.hv_regiones: ~0 rows (aproximadamente)
INSERT INTO `hv_regiones` (`id`, `codigo`, `nombre`, `estado`, `created_at`) VALUES
	(1, '07', 'REGION DEL MAULE', 1, '2023-10-16 19:31:38');

-- Volcando estructura para tabla huevos_ventas1.hv_rutas
CREATE TABLE IF NOT EXISTS `hv_rutas` (
  `id` int(11) NOT NULL AUTO_INCREMENT,
  `repartidor_id` int(11) DEFAULT NULL,
  `cajas_total` int(11) DEFAULT NULL,
  `cajas_vendidas` int(11) DEFAULT NULL,
  `fecha_ruta` timestamp NULL DEFAULT NULL,
  `estado_ruta_id` int(11) DEFAULT NULL,
  `observacion_ruta` varchar(255) DEFAULT NULL,
  `comuna_id` int(11) DEFAULT NULL,
  `fecha_inicio` timestamp NULL DEFAULT NULL,
  `fecha_termino` timestamp NULL DEFAULT NULL,
  `cantidad_clientes` int(11) DEFAULT NULL,
  `estado` tinyint(4) DEFAULT NULL,
  `eliminado` tinyint(4) DEFAULT 0,
  `created_at` timestamp NULL DEFAULT NULL,
  `updated_at` timestamp NULL DEFAULT NULL,
  `deleted_at` timestamp NULL DEFAULT NULL,
  PRIMARY KEY (`id`)
) ENGINE=InnoDB AUTO_INCREMENT=29 DEFAULT CHARSET=utf8mb4 COLLATE=utf8mb4_general_ci;

-- Volcando datos para la tabla huevos_ventas1.hv_rutas: ~3 rows (aproximadamente)
INSERT INTO `hv_rutas` (`id`, `repartidor_id`, `cajas_total`, `cajas_vendidas`, `fecha_ruta`, `estado_ruta_id`, `observacion_ruta`, `comuna_id`, `fecha_inicio`, `fecha_termino`, `cantidad_clientes`, `estado`, `eliminado`, `created_at`, `updated_at`, `deleted_at`) VALUES
	(25, 2, 10, 10, '2023-03-12 03:00:00', NULL, NULL, 17, NULL, NULL, 20, 1, 1, '2023-12-15 01:05:33', '2023-12-19 03:09:49', NULL),
	(26, 4, 71, 1, '2023-12-18 03:00:00', NULL, NULL, 1, NULL, NULL, 17, 1, 1, '2023-12-19 04:05:24', '2023-12-19 04:07:53', NULL),
	(27, 4, 71, 6, '2023-12-18 03:00:00', NULL, NULL, 1, NULL, NULL, 18, 1, 1, '2023-12-19 04:10:53', '2023-12-19 04:31:25', NULL),
	(28, 4, 40, NULL, '2024-01-01 03:00:00', NULL, NULL, NULL, NULL, NULL, 60, 1, 0, '2024-01-08 05:26:42', '2024-01-08 05:26:43', NULL);

-- Volcando estructura para tabla huevos_ventas1.hv_sectores
CREATE TABLE IF NOT EXISTS `hv_sectores` (
  `id` int(11) NOT NULL AUTO_INCREMENT,
  `nombre` varchar(250) DEFAULT NULL,
  `comuna_id` int(11) DEFAULT NULL,
  `estado` tinyint(4) DEFAULT 1,
  `eliminado` tinyint(4) DEFAULT 0,
  `created_at` timestamp NULL DEFAULT NULL,
  `deleted_at` timestamp NULL DEFAULT NULL,
  `updated_at` timestamp NULL DEFAULT NULL,
  PRIMARY KEY (`id`)
) ENGINE=InnoDB AUTO_INCREMENT=20 DEFAULT CHARSET=utf8mb4 COLLATE=utf8mb4_general_ci;

-- Volcando datos para la tabla huevos_ventas1.hv_sectores: ~19 rows (aproximadamente)
INSERT INTO `hv_sectores` (`id`, `nombre`, `comuna_id`, `estado`, `eliminado`, `created_at`, `deleted_at`, `updated_at`) VALUES
	(1, 'los alamos', 2, 1, 1, '2023-10-27 13:43:28', '2023-11-08 14:16:42', '2023-11-08 13:13:55'),
	(2, 'vara gruesa', 1, 1, 1, '2023-10-27 13:43:53', '2023-11-08 14:15:33', NULL),
	(3, 'vara gruesa', 1, 1, 1, '2023-10-27 13:47:42', '2023-11-08 14:14:11', NULL),
	(4, 'vara gruesa', 1, 1, 1, '2023-10-27 13:49:06', '2023-11-08 14:12:43', NULL),
	(5, 'las lomas ', 2, 1, 1, '2023-11-08 13:22:51', '2023-11-08 14:17:02', NULL),
	(6, 'Huapi alto', 1, 1, 1, '2023-11-08 13:23:59', '2023-12-19 04:44:27', '2023-12-11 00:39:33'),
	(7, NULL, NULL, 1, 1, '2023-11-19 06:47:15', NULL, NULL),
	(8, 'vara gruesa', 1, 1, 1, '2023-12-05 07:19:00', '2023-12-19 04:44:31', NULL),
	(9, 'RETIRO', 17, 1, 1, '2023-12-06 05:13:37', '2023-12-19 04:44:29', NULL),
	(10, 'sectoretest', 21, 1, 1, '2023-12-12 06:54:58', '2023-12-19 04:44:30', NULL),
	(11, 'LINARES', 1, 1, 1, '2023-12-19 03:50:06', '2023-12-19 04:44:28', NULL),
	(12, 'Sector Talca y Maule ', 2, 1, 0, '2023-12-22 00:09:49', NULL, NULL),
	(13, 'Linares ', 1, 1, 0, '2023-12-28 22:37:34', NULL, NULL),
	(14, 'Colbún', 15, 1, 0, '2023-12-29 00:24:00', NULL, '2024-01-03 03:25:46'),
	(15, 'Chillan', 31, 1, 0, '2023-12-29 02:54:46', NULL, '2023-12-29 02:56:16'),
	(16, 'Parral', 17, 1, 0, '2023-12-29 17:59:02', NULL, NULL),
	(17, 'Retiro', 18, 1, 0, '2024-01-03 03:17:14', NULL, NULL),
	(18, 'Molina ', 9, 1, 0, '2024-01-03 03:35:09', NULL, NULL),
	(19, 'Curico', 3, 1, 0, '2024-01-03 14:09:29', NULL, NULL);

-- Volcando estructura para tabla huevos_ventas1.hv_usuarios
CREATE TABLE IF NOT EXISTS `hv_usuarios` (
  `id` int(11) NOT NULL AUTO_INCREMENT,
  `nombre` varchar(250) DEFAULT NULL,
  `username` varchar(250) DEFAULT NULL,
  `email` varchar(250) DEFAULT NULL,
  `rut` varchar(250) DEFAULT NULL,
  `celular` varchar(50) DEFAULT NULL,
  `perfil_id` int(11) DEFAULT NULL,
  `direccion` varchar(250) DEFAULT NULL,
  `estado` tinyint(4) DEFAULT NULL,
  `eliminado` tinyint(4) DEFAULT 0,
  `password` varchar(50) DEFAULT NULL,
  `validate_password` tinyint(4) DEFAULT NULL,
  `remember_token` varchar(250) DEFAULT NULL,
  `token_password` text DEFAULT NULL,
  `created_at` timestamp NULL DEFAULT NULL,
  `updated_at` timestamp NULL DEFAULT NULL,
  `deleted_at` timestamp NULL DEFAULT NULL,
  PRIMARY KEY (`id`)
) ENGINE=InnoDB AUTO_INCREMENT=7 DEFAULT CHARSET=utf8mb4 COLLATE=utf8mb4_general_ci;

-- Volcando datos para la tabla huevos_ventas1.hv_usuarios: ~6 rows (aproximadamente)
INSERT INTO `hv_usuarios` (`id`, `nombre`, `username`, `email`, `rut`, `celular`, `perfil_id`, `direccion`, `estado`, `eliminado`, `password`, `validate_password`, `remember_token`, `token_password`, `created_at`, `updated_at`, `deleted_at`) VALUES
	(1, 'Diego', NULL, 'diegoiretamalp@gmail.com', '20202667-2', '56975412245', 1, '0270 Millantu Puente Alto', 1, 0, 'd033e22ae348aeb5660fc2140aec35850c4da997', 0, 'f80beaa1572fd828151ecce4205bf2727e4529d0', '49db47b333b115b632ee2cc56515e508be00c03f', '2023-10-12 03:18:49', '2023-12-14 06:31:57', NULL),
	(2, 'Diego', NULL, 'diego_x10@hotmail.es', '8470626-4', '56975412245', 2, '0270 Millantu Puente Alto', 1, 0, 'd033e22ae348aeb5660fc2140aec35850c4da997', 0, '1eed020584efa439839ad462c7cda32d64ad4672', NULL, '2023-10-12 03:18:49', '2023-12-19 04:49:33', NULL),
	(3, 'Roberto', NULL, 'roberto@gmail.com', '19345400-3', '56975464587', 1, 'su casa', 1, 0, 'd033e22ae348aeb5660fc2140aec35850c4da997', 0, '0ab669cecb118b6f46ca78cf81cca24fa6737939', NULL, '2023-12-14 14:49:20', '2023-12-14 14:49:34', NULL),
	(4, 'ADRIAN CISTERNA', NULL, 'ADRIANCISTERNA@CORREO.CL', '15009744-4', '56978787874', 4, 'su casa123', 1, 0, '7110eda4d09e062aa5e4a390b0a572ac0d2c0220', 0, NULL, NULL, '2023-12-19 04:03:51', NULL, NULL),
	(5, 'HUGO FOX', NULL, 'HUGOYWAM@GMAIL.COM', '18982718-0', '56947009687', 2, 'SU CASA 123', 1, 0, '7110eda4d09e062aa5e4a390b0a572ac0d2c0220', 0, '2568e358c9f692e647eb5c731152ce6bbba0b3e7', NULL, '2023-12-19 04:33:57', '2023-12-19 04:35:59', NULL),
	(6, 'Cristian Vasquez', NULL, 'correo@correo.cl', '20519801-6', NULL, 2, 'sucasa 123', 1, 0, '7110eda4d09e062aa5e4a390b0a572ac0d2c0220', 0, '42cd995ced1ade5b17c52fe00d2f18f08fd80eec', NULL, '2023-12-28 23:58:21', '2023-12-28 23:58:32', NULL);

-- Volcando estructura para tabla huevos_ventas1.hv_ventas
CREATE TABLE IF NOT EXISTS `hv_ventas` (
  `id` int(11) NOT NULL AUTO_INCREMENT,
  `pagado` tinyint(4) DEFAULT NULL,
  `estado` tinyint(4) DEFAULT NULL,
  `eliminado` tinyint(4) DEFAULT 0,
  `repartidor_id` int(11) DEFAULT NULL,
  `cliente_id` int(11) DEFAULT NULL,
  `ruta_id` int(11) DEFAULT NULL,
  `direccion_despacho` varchar(255) DEFAULT NULL,
  `total_venta` varchar(50) DEFAULT NULL,
  `total_pagado` varchar(50) DEFAULT NULL,
  `nota_despacho` text DEFAULT NULL,
  `fecha_venta` timestamp NULL DEFAULT NULL,
  `created_at` timestamp NULL DEFAULT NULL,
  `updated_at` timestamp NULL DEFAULT NULL,
  `deleted_at` timestamp NULL DEFAULT NULL,
  `cajas_total` int(11) DEFAULT NULL,
  PRIMARY KEY (`id`)
) ENGINE=InnoDB AUTO_INCREMENT=134 DEFAULT CHARSET=utf8mb4 COLLATE=utf8mb4_general_ci;

-- Volcando datos para la tabla huevos_ventas1.hv_ventas: ~22 rows (aproximadamente)
INSERT INTO `hv_ventas` (`id`, `pagado`, `estado`, `eliminado`, `repartidor_id`, `cliente_id`, `ruta_id`, `direccion_despacho`, `total_venta`, `total_pagado`, `nota_despacho`, `fecha_venta`, `created_at`, `updated_at`, `deleted_at`, `cajas_total`) VALUES
	(112, 1, 0, 1, 2, 47, 25, NULL, '265000', '265000', NULL, '2023-03-12 03:00:00', '2023-12-19 03:09:49', '2023-12-19 03:09:49', '2023-12-19 03:10:12', 10),
	(113, 1, 0, 1, 4, 67, 26, NULL, '188000', '188000', NULL, '2023-12-18 03:00:00', '2023-12-19 04:07:33', '2023-12-19 04:07:33', '2023-12-19 04:09:37', 8),
	(114, 1, 0, 1, 4, 68, 26, NULL, '23500', '23500', NULL, '2023-12-18 03:00:00', '2023-12-19 04:07:53', '2023-12-19 04:07:53', '2023-12-19 04:09:39', 1),
	(115, 1, 0, 1, 4, 69, 27, NULL, '188000', '188000', NULL, '2023-12-18 03:00:00', '2023-12-19 04:12:25', '2023-12-19 04:12:25', '2023-12-19 04:13:22', 8),
	(116, 1, 0, 1, 4, 68, 27, NULL, '23500', '23500', NULL, '2023-12-18 03:00:00', '2023-12-19 04:12:44', '2023-12-19 04:12:44', '2023-12-19 04:40:56', 1),
	(117, 1, 0, 1, 4, 84, 27, NULL, '159000', '159000', NULL, '2023-12-18 03:00:00', '2023-12-19 04:13:02', '2023-12-19 04:13:02', '2023-12-19 04:41:04', 6),
	(118, 1, 0, 1, 4, 67, 27, NULL, '188000', '188000', NULL, '2023-12-18 03:00:00', '2023-12-19 04:13:51', '2023-12-19 04:13:51', '2023-12-19 04:41:06', 8),
	(119, 1, 0, 1, 4, 69, 27, NULL, '42000', '42000', NULL, '2023-12-18 03:00:00', '2023-12-19 04:14:24', '2023-12-19 04:14:24', '2023-12-19 04:41:08', 2),
	(120, 1, 0, 1, 4, 70, 27, NULL, '147000', '147000', NULL, '2023-12-18 03:00:00', '2023-12-19 04:14:46', '2023-12-19 04:28:56', '2023-12-19 04:31:03', 6),
	(121, 1, 0, 1, 4, 71, 27, NULL, '63000', '63000', NULL, '2023-12-18 03:00:00', '2023-12-19 04:15:27', '2023-12-19 04:15:27', '2023-12-19 04:41:09', 3),
	(122, 1, 0, 1, 4, 72, 27, NULL, '23500', '23500', NULL, '2023-12-18 03:00:00', '2023-12-19 04:15:49', '2023-12-19 04:15:49', '2023-12-19 04:41:11', 1),
	(123, 1, 0, 1, 4, 74, 27, NULL, '48000', '48000', NULL, '2023-12-18 03:00:00', '2023-12-19 04:16:09', '2023-12-19 04:16:09', '2023-12-19 04:41:13', 2),
	(124, 1, 0, 1, 4, 75, 27, NULL, '21000', '21000', NULL, '2023-12-18 03:00:00', '2023-12-19 04:16:26', '2023-12-19 04:16:26', '2023-12-19 04:41:15', 1),
	(125, 0, 0, 1, 4, 78, 27, NULL, '24500', '0', NULL, '2023-12-18 03:00:00', '2023-12-19 04:18:29', '2023-12-19 04:18:29', '2023-12-19 04:41:17', 1),
	(126, 1, 0, 1, 4, 79, 27, NULL, '95200', '95200', NULL, '2023-12-18 03:00:00', '2023-12-19 04:19:13', '2023-12-19 04:19:13', '2023-12-19 04:41:20', 4),
	(127, 1, 0, 1, 4, 80, 27, NULL, '50000', '50000', NULL, '2023-12-18 03:00:00', '2023-12-19 04:19:31', '2023-12-19 04:19:31', '2023-12-19 04:41:47', 2),
	(128, 1, 0, 1, 4, 82, 27, NULL, '70500', '70500', NULL, '2023-12-18 03:00:00', '2023-12-19 04:19:55', '2023-12-19 04:19:55', '2023-12-19 04:41:49', 3),
	(129, 1, 0, 1, 4, 83, 27, NULL, '24000', '24000', NULL, '2023-12-18 03:00:00', '2023-12-19 04:20:30', '2023-12-19 04:20:30', '2023-12-19 04:41:50', 1),
	(130, 1, 0, 1, 4, 81, 27, NULL, '120000', '120000', NULL, '2023-12-18 03:00:00', '2023-12-19 04:20:57', '2023-12-19 04:20:57', '2023-12-19 04:41:50', 5),
	(131, 0, 0, 1, 4, 77, 27, NULL, '147000', '0', NULL, '2023-12-18 03:00:00', '2023-12-19 04:21:20', '2023-12-19 04:21:20', '2023-12-19 04:41:51', 6),
	(132, 1, 0, 1, 4, 73, 27, NULL, '49000', '49000', NULL, '2023-12-18 03:00:00', '2023-12-19 04:21:36', '2023-12-19 04:21:36', '2023-12-19 04:41:51', 2),
	(133, 0, 0, 1, 4, 70, 27, NULL, '147000', '0', NULL, '2023-12-18 03:00:00', '2023-12-19 04:31:25', '2023-12-19 04:31:25', '2023-12-19 04:41:52', 6);

/*!40103 SET TIME_ZONE=IFNULL(@OLD_TIME_ZONE, 'system') */;
/*!40101 SET SQL_MODE=IFNULL(@OLD_SQL_MODE, '') */;
/*!40014 SET FOREIGN_KEY_CHECKS=IFNULL(@OLD_FOREIGN_KEY_CHECKS, 1) */;
/*!40101 SET CHARACTER_SET_CLIENT=@OLD_CHARACTER_SET_CLIENT */;
/*!40111 SET SQL_NOTES=IFNULL(@OLD_SQL_NOTES, 1) */;
