-- --------------------------------------------------------
-- Host:                         127.0.0.1
-- Versión del servidor:         10.4.28-MariaDB - mariadb.org binary distribution
-- SO del servidor:              Win64
-- HeidiSQL Versión:             12.6.0.6765
-- --------------------------------------------------------

/*!40101 SET @OLD_CHARACTER_SET_CLIENT=@@CHARACTER_SET_CLIENT */;
/*!40101 SET NAMES utf8 */;
/*!50503 SET NAMES utf8mb4 */;
/*!40103 SET @OLD_TIME_ZONE=@@TIME_ZONE */;
/*!40103 SET TIME_ZONE='+00:00' */;
/*!40014 SET @OLD_FOREIGN_KEY_CHECKS=@@FOREIGN_KEY_CHECKS, FOREIGN_KEY_CHECKS=0 */;
/*!40101 SET @OLD_SQL_MODE=@@SQL_MODE, SQL_MODE='NO_AUTO_VALUE_ON_ZERO' */;
/*!40111 SET @OLD_SQL_NOTES=@@SQL_NOTES, SQL_NOTES=0 */;

-- Volcando estructura para tabla ventas_inventario.vi_clientes
CREATE TABLE IF NOT EXISTS `vi_clientes` (
  `id` int(11) NOT NULL AUTO_INCREMENT,
  `nombre` varchar(250) DEFAULT NULL,
  `apellido_paterno` varchar(250) DEFAULT NULL,
  `apellido_materno` varchar(250) DEFAULT NULL,
  `rut_factura` varchar(50) DEFAULT NULL,
  `celular` varchar(50) DEFAULT NULL,
  `email` varchar(255) DEFAULT NULL,
  `precio_favorito` varchar(50) DEFAULT NULL,
  `link_maps` text DEFAULT NULL,
  `producto_id` int(11) unsigned DEFAULT NULL,
  `tipo_huevo` varchar(250) DEFAULT NULL,
  `region_id` int(11) DEFAULT NULL,
  `comuna_id` int(11) DEFAULT NULL,
  `sector_id` int(11) DEFAULT NULL,
  `direccion` varchar(250) DEFAULT NULL,
  `estado` tinyint(4) DEFAULT NULL,
  `eliminado` tinyint(4) DEFAULT 0,
  `created_at` timestamp NULL DEFAULT NULL,
  `updated_at` timestamp NULL DEFAULT NULL,
  `deleted_at` timestamp NULL DEFAULT NULL,
  `nombre_negocio` varchar(250) DEFAULT NULL,
  PRIMARY KEY (`id`)
) ENGINE=InnoDB AUTO_INCREMENT=67 DEFAULT CHARSET=utf8mb4 COLLATE=utf8mb4_general_ci;

-- Volcando datos para la tabla ventas_inventario.vi_clientes: ~62 rows (aproximadamente)
INSERT INTO `vi_clientes` (`id`, `nombre`, `apellido_paterno`, `apellido_materno`, `rut_factura`, `celular`, `email`, `precio_favorito`, `link_maps`, `producto_id`, `tipo_huevo`, `region_id`, `comuna_id`, `sector_id`, `direccion`, `estado`, `eliminado`, `created_at`, `updated_at`, `deleted_at`, `nombre_negocio`) VALUES
	(1, 'fsdfsdf', 'sdfsdf', 'sdfsdfsdf', '202026672', '56975424380', 'sdfsdfsd@correo.cl', '10000', NULL, 1, NULL, NULL, 1, 1, 'dasdasd', 1, 1, '2023-10-10 05:31:02', NULL, NULL, NULL),
	(2, 'PEDRO', 'PORRO', 'REYES', '33374854-1', '56975412245', 'PEDROPORRO@GMAIL.COM', '420', NULL, 1, 'c', NULL, NULL, 6, 'PORRO #420', 0, 0, '2023-10-11 07:10:01', '2023-11-20 04:01:59', NULL, 'PEDRO PORRO SA'),
	(3, 'FELIPE', 'KANE', 'KILL', '43064881-0', '56975412245', 'FELIPEKANE@GMAIL.COM', '9000', NULL, 2, 'b', NULL, NULL, 6, 'KILL CASA #76', 0, 0, '2023-10-11 07:10:39', '2023-11-20 04:02:03', NULL, 'FELIPE KANE SA'),
	(4, 'EMERSON', 'LEMINA', 'ZUMA', '48299592-6', '56975412245', 'EMERSON@GMAIL.COM', '10000', NULL, 1, 'c', NULL, NULL, 6, 'ZUMACASA #44', 0, 0, '2023-10-11 07:11:09', '2023-11-20 04:02:06', NULL, 'EMERSON LEMINA SA'),
	(8, 'ERIC', 'BICARIO', 'DAVIS', '31499401-9', '56975412245', 'ERICBICARIO@GMAIL.COM', '12000', NULL, 3, 'c', NULL, NULL, 6, 'DAVIS CASA #11', 0, 0, '2023-10-12 06:54:32', '2023-11-20 04:01:56', NULL, 'ERIC BICARIO SA'),
	(9, 'JUAN', 'PEREZ', 'Reyes', '51595500-3', '56975412245', 'JUANPEREZCALVO@GMAIL.COM', '7000', NULL, 3, 'c', NULL, NULL, 6, 'SALVO CASA#98', 0, 0, '2023-11-11 16:07:53', '2023-11-20 04:02:09', NULL, 'JUAN CALVO SA'),
	(10, 'Antonio', 'Pacheco', 'RETAMAL', '202026672', '56975412245', 'yugitomatabi@gmail.com', '4000', NULL, 3, 'c', NULL, NULL, 6, 'RETAMAL CASA #12', 0, 0, '2023-11-11 16:10:51', '2023-11-20 04:01:46', NULL, 'ANTONIO PACHECO SA'),
	(11, 'Hugo', 'Apellido1', 'Apellido 2', '205198016', '+56987654324', 'hugo@gmail.com', '10000', NULL, 4, 'b', NULL, NULL, 6, 'millantu ', 0, 0, '2023-11-11 17:50:58', '2023-11-20 04:01:52', NULL, 'Ventas huigito'),
	(12, 'ZUISA', NULL, NULL, '3.570.503-1', '+56978787874', NULL, '30000', NULL, 3, 'c', 1, 1, 6, 'CASA ZUISA', 1, 0, '2023-11-20 03:53:56', NULL, NULL, 'ZUISA'),
	(13, 'FRESH MARKET', NULL, NULL, '17.542.912-3', NULL, NULL, '30000', NULL, 3, 'c', 1, 1, 6, 'CASA FRESH MARKET', 1, 0, '2023-11-20 04:06:53', NULL, NULL, 'FRESH MARKET'),
	(14, 'ISABEL LA ZORRA', NULL, NULL, '20.067.392-1', NULL, NULL, '30000', NULL, 3, 'b', 1, 1, 6, 'CASA ISABEL LA ZORRA', 1, 0, '2023-11-20 04:07:37', NULL, NULL, 'ISABEL LA ZORRA'),
	(15, 'VIEJA RICA', NULL, NULL, '30.733.722-3', NULL, NULL, '31500', NULL, 3, 'b', 1, 1, 6, 'CASA VIEJA RICA', 1, 0, '2023-11-20 04:13:12', NULL, NULL, 'VIEJA RICA'),
	(16, 'OVALLINO', NULL, NULL, '46.305.811-3', NULL, NULL, '30000', NULL, 3, 'b', 1, 1, 6, 'CASA OVALLINO', 1, 0, '2023-11-20 04:14:12', NULL, NULL, 'OVALLINO'),
	(17, 'TIA BUENA ONDA', NULL, NULL, '51.428.371-0', NULL, NULL, '30000', NULL, 3, 'b', 1, 1, 6, 'CASA TIA BUENA ONDA', 1, 0, '2023-11-20 04:15:40', NULL, NULL, 'TIA BUENA ONDA'),
	(18, 'TAMARUGAL', NULL, NULL, '68.017.583-7', NULL, NULL, '30000', NULL, 3, 'c', 1, 1, 6, 'CASA TAMARUGAL', 1, 0, '2023-11-20 04:18:48', NULL, NULL, 'TAMARUGAL'),
	(19, 'LONQUIMAY', NULL, NULL, '73.077.094-4', NULL, NULL, '30000', NULL, 3, 'c', 1, 1, 6, 'CASA LONQUIMAY', 1, 0, '2023-11-20 04:19:36', NULL, NULL, 'LONQUIMAY'),
	(20, 'BLANQUITA', NULL, NULL, '87.935.675-K', NULL, NULL, '32000', NULL, 3, 'b', 1, 1, 6, 'CASA BLANQUITA', 1, 0, '2023-11-20 04:20:37', NULL, NULL, 'BLANQUITA'),
	(21, 'VAGINA 2', NULL, NULL, '91.078.284-3', NULL, NULL, '31000', NULL, 3, 'c', 1, 21, 10, 'CASA VAGINA 2', 1, 0, '2023-11-20 04:22:19', '2023-12-12 03:57:15', NULL, 'VAGINA 2'),
	(22, 'DESPUES MORENA GUAPA', NULL, NULL, '6.179.189-2', NULL, NULL, '28500', NULL, 3, 'c', 1, 1, 6, 'CASA DESPUES MORENA GUAPA', 1, 0, '2023-11-20 04:23:08', NULL, NULL, 'DESPUES MORENA GUAPA'),
	(23, 'PASTELERIA FREY', NULL, NULL, '18.687.291-6', NULL, NULL, '28000', NULL, 3, 'c', 1, 1, 6, 'CASA PASTELERIA FREY', 1, 0, '2023-11-20 04:23:45', NULL, NULL, 'PASTELERIA FREY'),
	(24, 'FRENTE POSTE', NULL, NULL, '24.880.371-1', NULL, NULL, '29000', NULL, 3, 'b', 1, 1, 6, 'CASA FRENTE POSTE', 1, 0, '2023-11-20 04:24:29', NULL, NULL, 'FRENTE POSTE'),
	(25, 'J Y C', NULL, NULL, '38.449.283-5', NULL, NULL, '27500', NULL, 3, 'c', 1, 1, 6, 'CASA J Y C', 1, 0, '2023-11-20 04:25:11', NULL, NULL, 'J Y C'),
	(26, 'TRANSPORTADOR', NULL, NULL, '42.588.964-8', NULL, NULL, '28000', NULL, 1, 'b', 1, 1, 6, 'CASA TRANSPORTADOR', 1, 0, '2023-11-20 04:25:43', NULL, NULL, 'TRANSPORTADOR'),
	(27, 'YOMI', NULL, NULL, '55.140.011-5', NULL, NULL, '26800', NULL, 1, 'b', 1, 1, 6, 'CASA YOMI', 1, 0, '2023-11-20 04:26:21', NULL, NULL, 'YOMI'),
	(28, 'LADO CONY', NULL, NULL, '63.966.642-5', NULL, NULL, '32000', NULL, 3, 'b', 1, 1, 6, 'CASA LADO CONY', 1, 0, '2023-11-20 04:27:22', NULL, NULL, 'LADO CONY'),
	(29, 'SANTA ANA', NULL, NULL, '77.968.416-4', NULL, NULL, '31000', NULL, 3, 'b', NULL, 1, 6, 'CASA SANTA ANA', 1, 0, '2023-11-20 04:27:45', '2023-11-20 04:28:13', NULL, 'SANTA ANA'),
	(30, 'PIRUJA', NULL, NULL, '88.430.171-8', NULL, NULL, '32000', NULL, 3, 'b', 1, 1, 6, 'CASA PIRUJA', 1, 0, '2023-11-20 04:28:40', NULL, NULL, 'PIRUJA'),
	(31, 'REYES', NULL, NULL, '92.045.011-3', NULL, NULL, '26500', NULL, 1, 'b', 1, 1, 6, 'CASA REYES', 1, 0, '2023-11-20 04:29:15', NULL, NULL, 'REYES'),
	(32, 'M Y M', NULL, NULL, '8.002.482-7', NULL, NULL, '31000', NULL, 3, 'b', 1, 1, 6, 'CASA M Y M', 1, 0, '2023-11-20 04:29:53', NULL, NULL, 'M Y M'),
	(33, 'J Y A', NULL, NULL, '24.306.861-4', NULL, NULL, '31000', NULL, 3, 'b', 1, 1, 6, 'CASA J Y A', 1, 0, '2023-11-20 04:30:21', NULL, NULL, 'J Y A'),
	(34, 'VALE Y MUMA', NULL, NULL, '31.919.622-6', NULL, NULL, '28000', NULL, 1, 'b', 1, 1, 6, 'CASA VALE Y MUMA', 1, 0, '2023-11-20 04:30:58', NULL, NULL, 'VALE Y MUMA'),
	(35, 'CARMENSITA', NULL, NULL, '40.461.439-8', NULL, NULL, '29000', NULL, 3, 'b', 1, 1, 6, 'CASA CARMENSITA', 1, 0, '2023-11-20 04:31:43', NULL, NULL, 'CARMENSITA'),
	(36, 'VERITO', NULL, NULL, '59.303.074-1', NULL, NULL, '30000', NULL, 3, 'b', 1, 1, 6, 'CASA VERITO', 1, 0, '2023-11-20 04:32:33', NULL, NULL, 'VERITO'),
	(37, 'ELY', NULL, NULL, '60.245.896-2', NULL, NULL, '28000', NULL, 1, 'b', 1, 1, 6, 'CASA ELY', 1, 0, '2023-11-20 04:33:11', NULL, NULL, 'ELY'),
	(38, 'KRISS', NULL, NULL, '75.300.666-4', NULL, NULL, '31000', NULL, 3, 'b', 1, 1, 6, 'CASA KRISS', 1, 0, '2023-11-20 04:33:54', NULL, NULL, 'KRISS'),
	(39, 'M Y R', NULL, NULL, '86.884.793-K', NULL, NULL, '30000', NULL, 3, 'b', 1, 1, 6, 'CASA M Y R', 1, 0, '2023-11-20 04:34:24', NULL, NULL, 'M Y R'),
	(40, 'DIMALU', NULL, NULL, '97.912.390-6', NULL, NULL, '28500', NULL, 3, 'b', 1, 1, 6, 'CASA DIMALU', 1, 0, '2023-11-20 04:34:48', NULL, NULL, 'DIMALU'),
	(41, 'STAR MARKET', NULL, NULL, '2.958.166-5', NULL, NULL, '30000', NULL, 3, 'c', 1, 1, 6, 'CASA STAR MARKET', 1, 0, '2023-11-20 04:35:20', NULL, NULL, 'STAR MARKET'),
	(42, 'MOSAICO', NULL, NULL, '19.419.884-1', NULL, NULL, '31000', NULL, 3, 'b', 1, 1, 6, 'CASA MOSAICO', 1, 0, '2023-11-20 04:35:54', NULL, NULL, 'MOSAICO'),
	(43, 'VALLE DE BRAZAS', NULL, NULL, '29.732.604-K', NULL, NULL, '30000', NULL, 3, 'b', 1, 1, 6, 'CASA VALLE DE BRAZAS', 1, 0, '2023-11-20 04:36:26', NULL, NULL, 'VALLE DE BRAZAS'),
	(44, 'TIA PATY PUNTO', NULL, NULL, '36.684.450-3', NULL, NULL, '30000', NULL, 3, 'b', 1, 1, 6, 'CASA TIA PATY PUNTO', 1, 0, '2023-11-20 04:36:56', NULL, NULL, 'TIA PATY PUNTO'),
	(45, 'DELI FRUT', NULL, NULL, '45.640.390-5', NULL, NULL, '30000', NULL, 3, 'b', 1, 1, 6, 'CASA DELI FRUT', 1, 0, '2023-11-20 04:57:18', NULL, NULL, 'DELI FRUT'),
	(46, 'DORIS', NULL, NULL, '5.522.496-K', NULL, NULL, '54000', NULL, 3, 'b', NULL, NULL, 9, 'https://chat.openai.com/c/1affc25f-cd44-4d19-b1b3-4b07cf33512f', 1, 0, '2023-11-22 02:17:12', '2023-12-07 03:11:26', NULL, 'DORIS'),
	(47, 'MONITOS', NULL, NULL, '5.144.211-3', NULL, NULL, '26500', NULL, 1, 'b', 1, 17, 9, 'CASA MONITOS', 1, 0, '2023-11-22 02:17:59', '2023-12-06 02:15:34', NULL, 'MONITOS'),
	(48, 'JUANITA', NULL, NULL, '12.569.849-2', NULL, NULL, '24500', NULL, 1, 'c', 1, 17, 9, 'CASA JUANITA', 1, 0, '2023-11-22 02:19:12', '2023-12-06 02:15:50', NULL, 'JUANITA'),
	(49, 'san pedro x mayor', NULL, NULL, '32.686.204-5', NULL, NULL, '25500', NULL, 3, 'b', 1, 17, 9, '#12 casa san pedro x mayor', 1, 0, '2023-12-06 02:09:39', '2023-12-06 02:16:49', NULL, 'san pedro x mayor sa'),
	(50, 'DOÑA TITA', NULL, NULL, '24.977.583-5', NULL, NULL, '26500', NULL, 3, 'b', 1, 17, 9, '#12 CASA DOÑA TITA', 1, 0, '2023-12-06 02:18:20', NULL, NULL, 'DOÑA TITA SA'),
	(51, 'DON PIO', NULL, NULL, '46.496.598-K', NULL, NULL, '23500', NULL, 1, 'b', 1, 17, 9, '#12 CASA DON PIO', 1, 0, '2023-12-06 02:19:35', NULL, NULL, 'DON PIO SA '),
	(52, 'EL CANAL', NULL, NULL, '11.607.924-0', NULL, NULL, '25500', NULL, 3, 'b', 1, 17, 9, '#12 CASA EL CANAL', 1, 0, '2023-12-06 02:20:15', NULL, NULL, 'EL CANAL SA'),
	(53, 'DON JOLO', NULL, NULL, '50.900.570-2', NULL, NULL, '27000', NULL, 3, 'b', 1, 17, 9, '#12 CASA DON JOLO', 1, 0, '2023-12-06 02:21:08', NULL, NULL, 'DON JOLO SA'),
	(54, 'SEÑORA DE LA ROSA', NULL, NULL, '61.976.600-8', NULL, NULL, '27500', NULL, 3, 'b', 1, 17, 9, '#12 CASA SEÑORA DE LA ROSA', 1, 0, '2023-12-06 02:21:57', NULL, NULL, 'SEÑORA DE LA ROSA SA'),
	(55, 'RAUL', NULL, NULL, '75.835.859-3', NULL, NULL, '26500', NULL, 1, 'b', 1, 17, 9, '#12 CASA RAUL', 1, 0, '2023-12-06 02:22:52', NULL, NULL, 'RAUL SA '),
	(56, 'CIRO', NULL, NULL, '89.546.094-K', NULL, NULL, '24500', NULL, 1, 'b', 1, 17, 9, '#12 CASA CIRO', 1, 0, '2023-12-06 02:36:55', NULL, NULL, 'CIRO SA'),
	(57, 'YIYO', NULL, NULL, '93.080.651-K', NULL, NULL, '26000', NULL, 3, 'b', 1, 17, 9, '#12 CASA YIYO', 1, 0, '2023-12-06 02:37:36', NULL, NULL, 'YIYO SA'),
	(58, 'ESPERANZITA', NULL, NULL, '7.034.751-2', NULL, NULL, '27500', NULL, 3, 'b', 1, 17, 9, '#12 CASA ESPERANZITA', 1, 0, '2023-12-06 02:38:30', NULL, NULL, 'ESPERANZITA SA'),
	(59, 'MARY', NULL, NULL, '44.010.306-5', NULL, NULL, '26500', NULL, 3, 'b', 1, 17, 9, '#12 CASA MARY', 1, 0, '2023-12-06 02:39:20', NULL, NULL, 'MARY SA '),
	(60, 'SAN ESTEBAN', NULL, NULL, '51.746.427-9', NULL, NULL, '25500', NULL, 1, 'b', 1, 17, 9, '#12 CASA SAN ESTEBAN', 1, 0, '2023-12-06 02:39:58', NULL, NULL, 'SAN ESTEBAN SA'),
	(61, 'MIS ANGELES', NULL, NULL, '37.289.095-9', NULL, NULL, '25000', NULL, 3, 'b', 1, 17, 9, '#12 CASA MIS ANGELES', 1, 0, '2023-12-06 02:40:31', NULL, NULL, 'MIS ANGELES SA'),
	(62, 'ELY', NULL, NULL, '68.786.425-5', NULL, NULL, '25000', NULL, 1, 'b', 1, 17, 9, '#12 CASA ELY', 1, 0, '2023-12-06 02:41:12', NULL, NULL, 'ELY SA'),
	(63, 'PAGO', NULL, NULL, '75.588.932-6', NULL, NULL, '26500', NULL, 3, 'b', 1, 17, 9, '#12 CASA PAGO', 1, 0, '2023-12-06 02:41:43', NULL, NULL, 'PAGO SA'),
	(64, 'PELUCAS', NULL, NULL, '87.991.565-1', NULL, NULL, '26500', NULL, 3, 'b', 1, 17, 9, '#12 CASA PELUCAS', 1, 0, '2023-12-06 02:42:11', NULL, NULL, 'PELUCAS SA'),
	(65, 'MARIA DEL VALLE', NULL, NULL, '24.969.927-6', NULL, NULL, '27000', NULL, 3, 'b', 1, 17, 9, '#12 CASA MARIA DEL VALLE', 1, 0, '2023-12-06 02:44:26', NULL, NULL, 'MARIA DEL VALLE SA'),
	(66, 'VUELTA CHIMBA', NULL, NULL, '97.057.542-1', NULL, NULL, '24000', NULL, 1, 'b', 1, 17, 9, '#12 CASA VUELTA CHIMBA', 1, 0, '2023-12-06 02:45:00', NULL, NULL, 'VUELTA CHIMBA SA');

-- Volcando estructura para tabla ventas_inventario.vi_clientes_ruta
CREATE TABLE IF NOT EXISTS `vi_clientes_ruta` (
  `id` int(11) NOT NULL AUTO_INCREMENT,
  `cliente_id` int(11) DEFAULT NULL,
  `ruta_id` int(11) DEFAULT NULL,
  `posicion` int(11) DEFAULT NULL,
  `venta` tinyint(4) DEFAULT NULL,
  `estado_cliente_ruta_id` int(11) DEFAULT NULL,
  `created_at` timestamp NULL DEFAULT NULL,
  PRIMARY KEY (`id`)
) ENGINE=InnoDB AUTO_INCREMENT=315 DEFAULT CHARSET=utf8mb4 COLLATE=utf8mb4_general_ci;

-- Volcando datos para la tabla ventas_inventario.vi_clientes_ruta: ~20 rows (aproximadamente)
INSERT INTO `vi_clientes_ruta` (`id`, `cliente_id`, `ruta_id`, `posicion`, `venta`, `estado_cliente_ruta_id`, `created_at`) VALUES
	(295, 47, 25, 1, 0, 1, NULL),
	(296, 48, 25, 2, 0, 1, NULL),
	(297, 49, 25, 3, 0, 1, NULL),
	(298, 50, 25, 4, 0, 1, NULL),
	(299, 51, 25, 5, 0, 1, NULL),
	(300, 52, 25, 6, 0, 1, NULL),
	(301, 53, 25, 7, 0, 1, NULL),
	(302, 54, 25, 8, 0, 2, NULL),
	(303, 55, 25, 9, 0, 2, NULL),
	(304, 56, 25, 10, 0, 2, NULL),
	(305, 57, 25, 11, 0, 2, NULL),
	(306, 58, 25, 12, 0, 2, NULL),
	(307, 59, 25, 13, 0, 2, NULL),
	(308, 60, 25, 14, 0, 2, NULL),
	(309, 61, 25, 15, 0, 2, NULL),
	(310, 62, 25, 16, 0, 2, NULL),
	(311, 63, 25, 17, 0, 2, NULL),
	(312, 64, 25, 18, 0, 2, NULL),
	(313, 65, 25, 19, 0, 2, NULL),
	(314, 66, 25, 20, 0, 2, NULL);

-- Volcando estructura para tabla ventas_inventario.vi_comunas
CREATE TABLE IF NOT EXISTS `vi_comunas` (
  `id` int(11) NOT NULL AUTO_INCREMENT,
  `nombre` varchar(250) DEFAULT NULL,
  `region_id` int(11) DEFAULT NULL,
  `estado` tinyint(4) DEFAULT NULL,
  `created_at` timestamp NULL DEFAULT NULL,
  PRIMARY KEY (`id`)
) ENGINE=InnoDB AUTO_INCREMENT=31 DEFAULT CHARSET=utf8mb4 COLLATE=utf8mb4_general_ci;

-- Volcando datos para la tabla ventas_inventario.vi_comunas: ~30 rows (aproximadamente)
INSERT INTO `vi_comunas` (`id`, `nombre`, `region_id`, `estado`, `created_at`) VALUES
	(1, 'LINARES', 1, 1, '2023-10-16 16:31:58'),
	(2, 'TALCA', 1, 1, '2023-10-16 16:32:13'),
	(3, 'CURICÓ', 1, 1, '2023-10-16 16:32:21'),
	(4, 'Cauquenes', 1, 1, '2023-10-16 16:37:23'),
	(5, 'Chanco', 1, 1, '2023-10-16 16:37:32'),
	(6, 'Pelluhue', 1, 1, '2023-10-16 16:37:38'),
	(7, 'Hualañé', 1, 1, '2023-10-16 16:37:46'),
	(8, 'Licantén', 1, 1, '2023-10-16 16:37:54'),
	(9, 'Molina', 1, 1, '2023-10-16 16:38:00'),
	(10, 'Rauco', 1, 1, '2023-10-16 16:38:07'),
	(11, 'Romeral', 1, 1, '2023-10-16 16:38:14'),
	(12, 'Sagrada Familia', 1, 1, '2023-10-16 16:38:20'),
	(13, 'Teno', 1, 1, '2023-10-16 16:38:39'),
	(14, 'Vichuquén', 1, 1, '2023-10-16 16:38:47'),
	(15, 'Colbún', 1, 1, '2023-10-16 16:38:55'),
	(16, 'Longaví', 1, 1, '2023-10-16 16:39:09'),
	(17, 'Parral', 1, 1, '2023-10-16 16:39:16'),
	(18, 'Retiro', 1, 1, '2023-10-16 16:39:32'),
	(19, 'San Javier', 1, 1, '2023-10-16 16:39:41'),
	(20, 'Villa Alegre', 1, 1, '2023-10-16 16:39:50'),
	(21, 'Yerbas Buenas', 1, 1, '2023-10-16 16:39:59'),
	(22, 'Constitución', 1, 1, '2023-10-16 16:40:05'),
	(23, 'Curepto', 1, 1, '2023-10-16 16:40:11'),
	(24, 'Empedrado', 1, 1, '2023-10-16 16:40:18'),
	(25, 'Maule', 1, 1, '2023-10-16 16:40:25'),
	(26, 'Pelarco', 1, 1, '2023-10-16 16:40:31'),
	(27, 'Pencahue', 1, 1, '2023-10-16 16:40:38'),
	(28, 'Río Claro', 1, 1, '2023-10-16 16:40:46'),
	(29, 'San Clemente', 1, 1, '2023-10-16 16:40:56'),
	(30, 'San Rafael', 1, 1, '2023-10-16 16:41:09');

-- Volcando estructura para tabla ventas_inventario.vi_estados_ruta
CREATE TABLE IF NOT EXISTS `vi_estados_ruta` (
  `id` int(11) NOT NULL AUTO_INCREMENT,
  `nombre` varchar(250) NOT NULL DEFAULT '',
  `estado` tinyint(4) DEFAULT 1,
  `created_at` timestamp NULL DEFAULT NULL,
  PRIMARY KEY (`id`)
) ENGINE=InnoDB AUTO_INCREMENT=5 DEFAULT CHARSET=utf8mb4 COLLATE=utf8mb4_general_ci;

-- Volcando datos para la tabla ventas_inventario.vi_estados_ruta: ~4 rows (aproximadamente)
INSERT INTO `vi_estados_ruta` (`id`, `nombre`, `estado`, `created_at`) VALUES
	(1, 'Completada', 1, '2023-11-14 05:05:21'),
	(2, 'En Ruta', 1, '2023-11-14 05:05:23'),
	(3, 'Cancelada', 1, '2023-11-14 05:05:24'),
	(4, 'Pendiente', 1, '2023-11-14 05:05:25');

-- Volcando estructura para tabla ventas_inventario.vi_estado_cliente_ruta
CREATE TABLE IF NOT EXISTS `vi_estado_cliente_ruta` (
  `id` int(11) NOT NULL AUTO_INCREMENT,
  `nombre` varchar(50) DEFAULT NULL,
  `estado` int(11) DEFAULT 1,
  `created_at` timestamp NULL DEFAULT NULL,
  PRIMARY KEY (`id`)
) ENGINE=InnoDB AUTO_INCREMENT=4 DEFAULT CHARSET=utf8mb4 COLLATE=utf8mb4_general_ci;

-- Volcando datos para la tabla ventas_inventario.vi_estado_cliente_ruta: ~3 rows (aproximadamente)
INSERT INTO `vi_estado_cliente_ruta` (`id`, `nombre`, `estado`, `created_at`) VALUES
	(1, 'FINALIZADO', 1, '2023-10-13 15:44:18'),
	(2, 'PENDIENTE', 1, '2023-10-13 15:44:55'),
	(3, 'SIN VENTA', 1, '2023-10-13 15:44:55');

-- Volcando estructura para tabla ventas_inventario.vi_gastos
CREATE TABLE IF NOT EXISTS `vi_gastos` (
  `id` int(11) NOT NULL AUTO_INCREMENT,
  `nombre` varchar(250) DEFAULT NULL,
  `monto` int(50) DEFAULT NULL,
  `ruta_id` int(11) DEFAULT NULL,
  `estado` tinyint(4) DEFAULT NULL,
  `eliminado` tinyint(4) DEFAULT NULL,
  `created_at` timestamp NULL DEFAULT NULL,
  `updated_at` timestamp NULL DEFAULT NULL,
  `deleted_at` timestamp NULL DEFAULT NULL,
  PRIMARY KEY (`id`)
) ENGINE=InnoDB AUTO_INCREMENT=9 DEFAULT CHARSET=utf8mb4 COLLATE=utf8mb4_general_ci;

-- Volcando datos para la tabla ventas_inventario.vi_gastos: ~0 rows (aproximadamente)

-- Volcando estructura para tabla ventas_inventario.vi_grupos
CREATE TABLE IF NOT EXISTS `vi_grupos` (
  `id` int(11) NOT NULL AUTO_INCREMENT,
  `nombre` varchar(250) DEFAULT NULL,
  `estado` tinyint(4) DEFAULT 1,
  `deleted` tinyint(4) DEFAULT 0,
  `created_at` timestamp NULL DEFAULT NULL,
  `updated_at` timestamp NULL DEFAULT NULL,
  `deleted_at` timestamp NULL DEFAULT NULL,
  PRIMARY KEY (`id`)
) ENGINE=InnoDB AUTO_INCREMENT=2 DEFAULT CHARSET=utf8mb4 COLLATE=utf8mb4_general_ci;

-- Volcando datos para la tabla ventas_inventario.vi_grupos: ~0 rows (aproximadamente)
INSERT INTO `vi_grupos` (`id`, `nombre`, `estado`, `deleted`, `created_at`, `updated_at`, `deleted_at`) VALUES
	(1, 'adas', 1, 0, '2023-12-28 04:31:51', NULL, NULL);

-- Volcando estructura para tabla ventas_inventario.vi_grupo_clientes
CREATE TABLE IF NOT EXISTS `vi_grupo_clientes` (
  `id` int(11) NOT NULL AUTO_INCREMENT,
  `cliente_id` int(11) DEFAULT NULL,
  `grupo_id` int(11) DEFAULT NULL,
  `estado` tinyint(4) DEFAULT 1,
  `deleted` tinyint(4) DEFAULT 0,
  `created_at` timestamp NULL DEFAULT NULL,
  `updated_at` timestamp NULL DEFAULT NULL,
  `deleted_at` timestamp NULL DEFAULT NULL,
  PRIMARY KEY (`id`)
) ENGINE=InnoDB DEFAULT CHARSET=utf8mb4 COLLATE=utf8mb4_general_ci;

-- Volcando datos para la tabla ventas_inventario.vi_grupo_clientes: ~0 rows (aproximadamente)

-- Volcando estructura para tabla ventas_inventario.vi_metodos_pago
CREATE TABLE IF NOT EXISTS `vi_metodos_pago` (
  `id` int(11) NOT NULL AUTO_INCREMENT,
  `nombre` varchar(250) DEFAULT NULL,
  `estado` tinyint(4) DEFAULT NULL,
  `created_at` timestamp NULL DEFAULT NULL,
  PRIMARY KEY (`id`)
) ENGINE=InnoDB AUTO_INCREMENT=5 DEFAULT CHARSET=utf8mb4 COLLATE=utf8mb4_general_ci;

-- Volcando datos para la tabla ventas_inventario.vi_metodos_pago: ~4 rows (aproximadamente)
INSERT INTO `vi_metodos_pago` (`id`, `nombre`, `estado`, `created_at`) VALUES
	(1, 'FIADO', 1, '2023-10-20 18:44:09'),
	(2, 'EFECTIVO', 1, '2023-10-20 18:44:18'),
	(3, 'TRANSFERENCIA', 1, '2023-10-20 18:44:29'),
	(4, 'DEPOSITO', 1, '2023-10-20 18:44:37');

-- Volcando estructura para tabla ventas_inventario.vi_monedero
CREATE TABLE IF NOT EXISTS `vi_monedero` (
  `id` int(11) NOT NULL AUTO_INCREMENT,
  `cliente_id` int(11) DEFAULT NULL,
  `saldo` varchar(50) DEFAULT NULL,
  `total_comprado` varchar(50) DEFAULT NULL,
  `total_deuda` varchar(50) DEFAULT NULL,
  `total_pagado` varchar(50) DEFAULT NULL,
  `total_transferencia` varchar(50) DEFAULT NULL,
  `total_deposito` varchar(50) DEFAULT NULL,
  `total_efectivo` varchar(50) DEFAULT NULL,
  `total_fiado` varchar(50) DEFAULT NULL,
  `estado` tinyint(4) DEFAULT NULL,
  `eliminado` tinyint(4) DEFAULT 0,
  `created_at` timestamp NULL DEFAULT NULL,
  `updated_at` timestamp NULL DEFAULT NULL,
  `deleted_at` timestamp NULL DEFAULT NULL,
  PRIMARY KEY (`id`)
) ENGINE=InnoDB AUTO_INCREMENT=124 DEFAULT CHARSET=utf8mb4 COLLATE=utf8mb4_general_ci;

-- Volcando datos para la tabla ventas_inventario.vi_monedero: ~104 rows (aproximadamente)
INSERT INTO `vi_monedero` (`id`, `cliente_id`, `saldo`, `total_comprado`, `total_deuda`, `total_pagado`, `total_transferencia`, `total_deposito`, `total_efectivo`, `total_fiado`, `estado`, `eliminado`, `created_at`, `updated_at`, `deleted_at`) VALUES
	(16, 1, '0', NULL, '0', '0', '0', '0', '0', '0', 1, 0, '2023-11-20 03:53:56', NULL, NULL),
	(17, 1, '0', NULL, '0', '0', '0', '0', '0', '0', 1, 0, '2023-11-20 04:06:53', NULL, NULL),
	(18, 1, '0', NULL, '0', '0', '0', '0', '0', '0', 1, 0, '2023-11-20 04:07:37', NULL, NULL),
	(19, 1, '0', NULL, '0', '0', '0', '0', '0', '0', 1, 0, '2023-11-20 04:13:12', NULL, NULL),
	(20, 1, '0', NULL, '0', '0', '0', '0', '0', '0', 1, 0, '2023-11-20 04:14:12', NULL, NULL),
	(21, 1, '0', NULL, '0', '0', '0', '0', '0', '0', 1, 0, '2023-11-20 04:15:40', NULL, NULL),
	(22, 1, '0', NULL, '0', '0', '0', '0', '0', '0', 1, 0, '2023-11-20 04:18:48', NULL, NULL),
	(23, 1, '0', NULL, '0', '0', '0', '0', '0', '0', 1, 0, '2023-11-20 04:19:36', NULL, NULL),
	(24, 1, '0', NULL, '0', '0', '0', '0', '0', '0', 1, 0, '2023-11-20 04:20:37', NULL, NULL),
	(25, 1, '0', NULL, '0', '0', '0', '0', '0', '0', 1, 0, '2023-11-20 04:22:19', NULL, NULL),
	(26, 1, '0', NULL, '0', '0', '0', '0', '0', '0', 1, 0, '2023-11-20 04:23:08', NULL, NULL),
	(27, 1, '0', NULL, '0', '0', '0', '0', '0', '0', 1, 0, '2023-11-20 04:23:45', NULL, NULL),
	(28, 1, '0', NULL, '0', '0', '0', '0', '0', '0', 1, 0, '2023-11-20 04:24:29', NULL, NULL),
	(29, 1, '0', NULL, '0', '0', '0', '0', '0', '0', 1, 0, '2023-11-20 04:25:11', NULL, NULL),
	(30, 1, '0', NULL, '0', '0', '0', '0', '0', '0', 1, 0, '2023-11-20 04:25:43', NULL, NULL),
	(31, 1, '0', NULL, '0', '0', '0', '0', '0', '0', 1, 0, '2023-11-20 04:26:21', NULL, NULL),
	(32, 1, '0', NULL, '0', '0', '0', '0', '0', '0', 1, 0, '2023-11-20 04:27:22', NULL, NULL),
	(33, 1, '0', NULL, '0', '0', '0', '0', '0', '0', 1, 0, '2023-11-20 04:27:45', NULL, NULL),
	(34, 1, '0', NULL, '0', '0', '0', '0', '0', '0', 1, 0, '2023-11-20 04:28:40', NULL, NULL),
	(35, 1, '0', NULL, '0', '0', '0', '0', '0', '0', 1, 0, '2023-11-20 04:29:15', NULL, NULL),
	(36, 1, '0', NULL, '0', '0', '0', '0', '0', '0', 1, 0, '2023-11-20 04:29:53', NULL, NULL),
	(37, 1, '0', NULL, '0', '0', '0', '0', '0', '0', 1, 0, '2023-11-20 04:30:21', NULL, NULL),
	(38, 1, '0', NULL, '0', '0', '0', '0', '0', '0', 1, 0, '2023-11-20 04:30:58', NULL, NULL),
	(39, 1, '0', NULL, '0', '0', '0', '0', '0', '0', 1, 0, '2023-11-20 04:31:43', NULL, NULL),
	(40, 1, '0', NULL, '0', '0', '0', '0', '0', '0', 1, 0, '2023-11-20 04:32:33', NULL, NULL),
	(41, 1, '0', NULL, '0', '0', '0', '0', '0', '0', 1, 0, '2023-11-20 04:33:11', NULL, NULL),
	(42, 1, '0', NULL, '0', '0', '0', '0', '0', '0', 1, 0, '2023-11-20 04:33:54', NULL, NULL),
	(43, 1, '0', NULL, '0', '0', '0', '0', '0', '0', 1, 0, '2023-11-20 04:34:24', NULL, NULL),
	(44, 1, '0', NULL, '0', '0', '0', '0', '0', '0', 1, 0, '2023-11-20 04:34:48', NULL, NULL),
	(45, 1, '0', NULL, '0', '0', '0', '0', '0', '0', 1, 0, '2023-11-20 04:35:20', NULL, NULL),
	(46, 1, '0', NULL, '0', '0', '0', '0', '0', '0', 1, 0, '2023-11-20 04:35:54', NULL, NULL),
	(47, 1, '0', NULL, '0', '0', '0', '0', '0', '0', 1, 0, '2023-11-20 04:36:26', NULL, NULL),
	(48, 1, '0', NULL, '0', '0', '0', '0', '0', '0', 1, 0, '2023-11-20 04:36:56', NULL, NULL),
	(49, 12, '-480000', '960000', '480000', '0', '0', '0', '0', '480000', 1, 0, '2023-11-20 04:46:42', '2023-11-23 02:52:38', NULL),
	(50, 13, '-266000', '532000', '266000', '0', '0', '0', '0', '266000', 1, 0, '2023-11-20 04:50:57', '2023-11-23 04:32:29', NULL),
	(51, 14, '0', '320500', '0', '320500', '0', '0', '320500', '0', 1, 0, '2023-11-20 04:52:23', '2023-11-23 04:33:01', NULL),
	(52, 15, '-31500', '591000', '31500', '391500', '31500', '0', '360000', '31500', 1, 0, '2023-11-20 04:53:08', '2023-12-05 02:51:57', NULL),
	(53, 16, '0', '31000', '0', '31000', '0', '0', '31000', '0', 1, 0, '2023-11-20 04:54:04', '2023-11-20 04:54:04', NULL),
	(54, 17, '0', '30000', '0', '30000', '0', '30000', '0', '0', 1, 0, '2023-11-20 04:54:23', '2023-11-20 04:54:23', NULL),
	(55, 18, '-90000', '180000', '90000', '0', '0', '0', '0', '90000', 1, 0, '2023-11-20 04:55:07', '2023-11-20 04:55:07', NULL),
	(56, 19, '0', '177000', '0', '177000', '0', '0', '177000', '0', 1, 0, '2023-11-20 04:56:24', '2023-11-20 04:56:24', NULL),
	(57, 1, '0', NULL, '0', '0', '0', '0', '0', '0', 1, 0, '2023-11-20 04:57:18', NULL, NULL),
	(58, 45, '-30000', '60000', '30000', '0', '0', '0', '0', '30000', 1, 0, '2023-11-20 04:58:26', '2023-11-20 04:58:26', NULL),
	(59, 20, '0', '64000', '0', '64000', '64000', '0', '0', '0', 1, 0, '2023-11-20 04:59:09', '2023-11-20 04:59:09', NULL),
	(60, 21, '0', '31000', '0', '31000', '31000', '0', '0', '0', 1, 0, '2023-11-20 04:59:26', '2023-11-20 04:59:26', NULL),
	(61, 22, '0', '28500', '0', '28500', '28500', '0', '0', '0', 1, 0, '2023-11-20 04:59:55', '2023-11-20 04:59:55', NULL),
	(62, 23, '-171000', '342000', '171000', '0', '0', '0', '0', '171000', 1, 0, '2023-11-20 05:00:43', '2023-11-20 05:00:43', NULL),
	(63, 24, '0', '116000', '0', '116000', '0', '0', '116000', '0', 1, 0, '2023-11-20 05:01:20', '2023-11-20 05:01:20', NULL),
	(64, 26, '0', '28000', '0', '28000', '0', '0', '28000', '0', 1, 0, '2023-11-20 05:01:53', '2023-11-20 05:01:53', NULL),
	(65, 27, '0', '26800', '0', '26800', '0', '0', '26800', '0', 1, 0, '2023-11-20 05:02:12', '2023-11-20 05:02:12', NULL),
	(66, 28, '0', '32000', '0', '32000', '0', '0', '32000', '0', 1, 0, '2023-11-20 05:02:25', '2023-11-20 05:02:25', NULL),
	(67, 29, '0', '31000', '0', '31000', '0', '0', '31000', '0', 1, 0, '2023-11-20 05:02:36', '2023-11-20 05:02:36', NULL),
	(68, 30, '0', '64000', '0', '64000', '0', '0', '64000', '0', 1, 0, '2023-11-20 05:02:46', '2023-11-20 05:02:46', NULL),
	(69, 31, '0', '26500', '0', '26500', '0', '0', '26500', '0', 1, 0, '2023-11-20 05:03:31', '2023-11-20 05:03:31', NULL),
	(70, 32, '0', '31000', '0', '31000', '0', '0', '31000', '0', 1, 0, '2023-11-20 05:03:47', '2023-11-20 05:03:47', NULL),
	(71, 34, '-28000', '56000', '28000', '0', '0', '0', '0', '28000', 1, 0, '2023-11-20 05:04:51', '2023-11-20 05:04:51', NULL),
	(72, 35, '0', '29000', '0', '29000', '0', '0', '29000', '0', 1, 0, '2023-11-20 05:05:04', '2023-11-20 05:05:04', NULL),
	(73, 36, '0', '60000', '0', '60000', '0', '0', '60000', '0', 1, 0, '2023-11-20 05:05:21', '2023-11-20 05:05:21', NULL),
	(74, 37, '0', '140000', '0', '140000', '0', '0', '140000', '0', 1, 0, '2023-11-20 05:06:31', '2023-11-20 05:06:31', NULL),
	(75, 38, '0', '186000', '0', '186000', '0', '0', '186000', '0', 1, 0, '2023-11-20 05:06:47', '2023-11-20 05:06:47', NULL),
	(76, 39, '0', '30000', '0', '30000', '0', '0', '30000', '0', 1, 0, '2023-11-20 05:07:10', '2023-11-20 05:07:10', NULL),
	(77, 40, '0', '28500', '0', '28500', '0', '0', '28500', '0', 1, 0, '2023-11-20 05:07:23', '2023-11-20 05:07:23', NULL),
	(78, 41, '0', '60000', '0', '60000', '0', '0', '60000', '0', 1, 0, '2023-11-20 05:07:41', '2023-11-20 05:07:41', NULL),
	(79, 42, '0', '31000', '0', '31000', '0', '0', '31000', '0', 1, 0, '2023-11-20 05:07:52', '2023-11-20 05:07:52', NULL),
	(80, 43, '0', '30000', '0', '30000', '0', '0', '30000', '0', 1, 0, '2023-11-20 05:08:05', '2023-11-20 05:08:05', NULL),
	(81, 44, '0', '30000', '0', '30000', '0', '0', '30000', '0', 1, 0, '2023-11-20 05:08:17', '2023-11-20 05:08:17', NULL),
	(82, 1, '0', NULL, '0', '0', '0', '0', '0', '0', 1, 0, '2023-11-22 02:17:12', NULL, NULL),
	(83, 1, '0', NULL, '0', '0', '0', '0', '0', '0', 1, 0, '2023-11-22 02:17:59', NULL, NULL),
	(84, 1, '0', NULL, '0', '0', '0', '0', '0', '0', 1, 0, '2023-11-22 02:19:12', NULL, NULL),
	(85, 46, '-108000', '216000', '108000', '0', '0', '0', '0', '108000', 1, 0, '2023-12-06 02:06:38', '2023-12-06 02:51:08', NULL),
	(86, 47, '0', '185500', '0', '185500', '0', '0', '185500', '0', 1, 0, '2023-12-06 02:07:11', '2023-12-19 02:54:59', NULL),
	(87, 48, '-245000', '539000', '245000', '49000', '0', '0', '49000', '245000', 1, 0, '2023-12-06 02:08:00', '2023-12-15 04:52:51', NULL),
	(88, 1, '0', NULL, '0', '0', '0', '0', '0', '0', 1, 0, '2023-12-06 02:09:39', NULL, NULL),
	(89, 49, '0', '372000', '0', '372000', '0', '0', '372000', '0', 1, 0, '2023-12-06 02:12:05', '2023-12-15 05:07:12', NULL),
	(90, 1, '0', NULL, '0', '0', '0', '0', '0', '0', 1, 0, '2023-12-06 02:18:20', NULL, NULL),
	(91, 1, '0', NULL, '0', '0', '0', '0', '0', '0', 1, 0, '2023-12-06 02:19:35', NULL, NULL),
	(92, 1, '0', NULL, '0', '0', '0', '0', '0', '0', 1, 0, '2023-12-06 02:20:15', NULL, NULL),
	(93, 1, '0', NULL, '0', '0', '0', '0', '0', '0', 1, 0, '2023-12-06 02:21:08', NULL, NULL),
	(94, 1, '0', NULL, '0', '0', '0', '0', '0', '0', 1, 0, '2023-12-06 02:21:57', NULL, NULL),
	(95, 1, '0', NULL, '0', '0', '0', '0', '0', '0', 1, 0, '2023-12-06 02:22:52', NULL, NULL),
	(96, 1, '0', NULL, '0', '0', '0', '0', '0', '0', 1, 0, '2023-12-06 02:36:55', NULL, NULL),
	(97, 1, '0', NULL, '0', '0', '0', '0', '0', '0', 1, 0, '2023-12-06 02:37:36', NULL, NULL),
	(98, 1, '0', NULL, '0', '0', '0', '0', '0', '0', 1, 0, '2023-12-06 02:38:30', NULL, NULL),
	(99, 1, '0', NULL, '0', '0', '0', '0', '0', '0', 1, 0, '2023-12-06 02:39:20', NULL, NULL),
	(100, 1, '0', NULL, '0', '0', '0', '0', '0', '0', 1, 0, '2023-12-06 02:39:58', NULL, NULL),
	(101, 1, '0', NULL, '0', '0', '0', '0', '0', '0', 1, 0, '2023-12-06 02:40:31', NULL, NULL),
	(102, 1, '0', NULL, '0', '0', '0', '0', '0', '0', 1, 0, '2023-12-06 02:41:12', NULL, NULL),
	(103, 1, '0', NULL, '0', '0', '0', '0', '0', '0', 1, 0, '2023-12-06 02:41:43', NULL, NULL),
	(104, 1, '0', NULL, '0', '0', '0', '0', '0', '0', 1, 0, '2023-12-06 02:42:11', NULL, NULL),
	(105, 1, '0', NULL, '0', '0', '0', '0', '0', '0', 1, 0, '2023-12-06 02:44:26', NULL, NULL),
	(106, 1, '0', NULL, '0', '0', '0', '0', '0', '0', 1, 0, '2023-12-06 02:45:00', NULL, NULL),
	(107, 50, '-265000', '734500', '265000', '204500', '0', '0', '204500', '265000', 1, 0, '2023-12-06 02:58:38', '2023-12-15 05:07:45', NULL),
	(108, 51, '0', '435000', '0', '247000', '0', '0', '247000', '0', 1, 0, '2023-12-06 02:58:59', '2023-12-15 05:08:54', NULL),
	(109, 52, '0', '280500', '0', '280500', '255000', '0', '25500', '0', 1, 0, '2023-12-06 02:59:29', '2023-12-15 05:09:23', NULL),
	(110, 53, '0', '213000', '0', '213000', '0', '186000', '27000', '0', 1, 0, '2023-12-06 03:03:24', '2023-12-15 05:09:40', NULL),
	(111, 54, '-56000', '112000', '56000', '0', '0', '0', '0', '56000', 1, 0, '2023-12-06 03:03:46', '2023-12-06 03:30:01', NULL),
	(112, 55, '0', '26500', '0', '26500', '0', '0', '26500', '0', 1, 0, '2023-12-06 03:04:25', '2023-12-06 03:04:25', NULL),
	(113, 56, '0', '24500', '0', '24500', '0', '0', '24500', '0', 1, 0, '2023-12-06 03:04:37', '2023-12-06 03:04:37', NULL),
	(114, 57, '-52000', '104000', '52000', '0', '0', '0', '0', '52000', 1, 0, '2023-12-06 03:05:20', '2023-12-06 03:05:20', NULL),
	(115, 58, '-56000', '112000', '56000', '0', '0', '0', '0', '56000', 1, 0, '2023-12-06 03:05:56', '2023-12-06 03:30:22', NULL),
	(116, 59, '-80500', '187500', '80500', '26500', '0', '0', '26500', '80500', 1, 0, '2023-12-06 03:06:48', '2023-12-06 03:31:00', NULL),
	(117, 60, '0', '51000', '0', '51000', '0', '0', '51000', '0', 1, 0, '2023-12-06 03:07:31', '2023-12-06 03:07:31', NULL),
	(118, 61, '-54000', '108000', '54000', '0', '0', '0', '0', '54000', 1, 0, '2023-12-06 03:08:20', '2023-12-06 03:08:20', NULL),
	(119, 62, '0', '25000', '0', '25000', '0', '25000', '0', '0', 1, 0, '2023-12-06 03:10:25', '2023-12-06 03:10:25', NULL),
	(120, 63, '-26500', '53000', '26500', '0', '0', '0', '0', '26500', 1, 0, '2023-12-06 03:10:59', '2023-12-06 03:10:59', NULL),
	(121, 64, '-54000', '267000', '54000', '159000', '0', '0', '159000', '54000', 1, 0, '2023-12-06 03:11:15', '2023-12-14 01:52:55', NULL),
	(122, 65, '-81000', '162000', '81000', '0', '0', '0', '0', '81000', 1, 0, '2023-12-06 03:11:36', '2023-12-06 03:11:36', NULL),
	(123, 66, '-24000', '48000', '24000', '0', '0', '0', '0', '24000', 1, 0, '2023-12-06 03:12:17', '2023-12-06 03:12:17', NULL);

-- Volcando estructura para tabla ventas_inventario.vi_pagos_venta
CREATE TABLE IF NOT EXISTS `vi_pagos_venta` (
  `id` int(11) NOT NULL AUTO_INCREMENT,
  `venta_id` int(11) DEFAULT NULL,
  `metodo_pago_id` int(11) DEFAULT NULL,
  `fiado_pagado` tinyint(4) DEFAULT 0,
  `ruta_id_fiado_pagado` int(11) DEFAULT NULL,
  `monto_total` varchar(50) DEFAULT NULL,
  `monto_pago_actual` varchar(50) DEFAULT NULL,
  `monto_pagado` varchar(50) DEFAULT NULL,
  `created_at` timestamp NULL DEFAULT NULL,
  PRIMARY KEY (`id`)
) ENGINE=InnoDB AUTO_INCREMENT=140 DEFAULT CHARSET=utf8mb4 COLLATE=utf8mb4_general_ci;

-- Volcando datos para la tabla ventas_inventario.vi_pagos_venta: ~6 rows (aproximadamente)
INSERT INTO `vi_pagos_venta` (`id`, `venta_id`, `metodo_pago_id`, `fiado_pagado`, `ruta_id_fiado_pagado`, `monto_total`, `monto_pago_actual`, `monto_pagado`, `created_at`) VALUES
	(132, 112, 2, 0, NULL, '26500', '26500', '26500', '2023-12-15 00:10:01'),
	(133, 113, 1, 0, NULL, '245000', '0', '0', '2023-12-15 04:52:51'),
	(134, 114, 2, 0, NULL, '168000', '168000', '168000', '2023-12-15 05:07:12'),
	(135, 115, 1, 0, NULL, '212000', '0', '0', '2023-12-15 05:07:45'),
	(136, 116, 2, 0, NULL, '388000', '200000', '200000', '2023-12-15 05:08:54'),
	(137, 117, 3, 0, NULL, '255000', '255000', '255000', '2023-12-15 05:09:23'),
	(138, 118, 4, 0, NULL, '186000', '186000', '186000', '2023-12-15 05:09:40'),
	(139, 119, 2, 0, NULL, '26500', '26500', '26500', '2023-12-19 02:54:59');

-- Volcando estructura para tabla ventas_inventario.vi_perfiles
CREATE TABLE IF NOT EXISTS `vi_perfiles` (
  `id` int(11) NOT NULL AUTO_INCREMENT,
  `codigo` varchar(50) DEFAULT NULL,
  `nombre` varchar(50) DEFAULT NULL,
  `estado` tinyint(4) DEFAULT NULL,
  `mostrar` tinyint(4) DEFAULT NULL,
  `created_at` timestamp NULL DEFAULT NULL,
  `updated_at` timestamp NULL DEFAULT NULL,
  PRIMARY KEY (`id`)
) ENGINE=InnoDB AUTO_INCREMENT=5 DEFAULT CHARSET=utf8mb4 COLLATE=utf8mb4_general_ci;

-- Volcando datos para la tabla ventas_inventario.vi_perfiles: ~4 rows (aproximadamente)
INSERT INTO `vi_perfiles` (`id`, `codigo`, `nombre`, `estado`, `mostrar`, `created_at`, `updated_at`) VALUES
	(1, '000', 'SUPER ADMINISTRADOR', 1, 0, '2023-10-11 19:33:25', NULL),
	(2, '111', 'ADMINISTRADOR', 1, 1, '2023-10-11 19:33:43', NULL),
	(3, '222', 'CLIENTE', 1, 1, '2023-10-11 19:33:56', NULL),
	(4, '333', 'REPARTIDOR', 1, 1, '2023-10-11 19:34:11', NULL);

-- Volcando estructura para tabla ventas_inventario.vi_productos
CREATE TABLE IF NOT EXISTS `vi_productos` (
  `id` int(11) NOT NULL AUTO_INCREMENT,
  `nombre` varchar(250) DEFAULT NULL,
  `descripcion` varchar(250) DEFAULT NULL,
  `stock` int(11) DEFAULT NULL,
  `precio` int(11) DEFAULT NULL,
  `categoria_id` int(11) DEFAULT NULL,
  `estado` tinyint(4) DEFAULT NULL,
  `eliminado` tinyint(4) NOT NULL DEFAULT 0,
  `created_at` timestamp NULL DEFAULT NULL,
  `updated_at` timestamp NULL DEFAULT NULL,
  `deleted_at` timestamp NULL DEFAULT NULL,
  PRIMARY KEY (`id`)
) ENGINE=InnoDB AUTO_INCREMENT=5 DEFAULT CHARSET=utf8mb4 COLLATE=utf8mb4_general_ci;

-- Volcando datos para la tabla ventas_inventario.vi_productos: ~4 rows (aproximadamente)
INSERT INTO `vi_productos` (`id`, `nombre`, `descripcion`, `stock`, `precio`, `categoria_id`, `estado`, `eliminado`, `created_at`, `updated_at`, `deleted_at`) VALUES
	(1, 'Primera', 'Primera', 150, 6000, NULL, 1, 0, '2023-10-10 06:47:39', NULL, NULL),
	(2, 'Segunda', 'Segunda', 200, 8000, NULL, 1, 0, '2023-10-10 06:52:27', NULL, NULL),
	(3, 'Huevos Extra', 'Huevos Extra', 100, 10000, NULL, 1, 0, '2023-10-10 06:56:12', NULL, NULL),
	(4, 'Huevos Super Extra', 'Huevos Super Extra', 300, 12000, NULL, 1, 0, '2023-10-10 06:56:37', NULL, NULL);

-- Volcando estructura para tabla ventas_inventario.vi_productos_venta
CREATE TABLE IF NOT EXISTS `vi_productos_venta` (
  `id` int(11) NOT NULL AUTO_INCREMENT,
  `tipo_huevo` varchar(50) DEFAULT NULL,
  `formato_huevo` varchar(50) DEFAULT NULL,
  `precio` varchar(50) DEFAULT NULL,
  `cantidad` int(11) DEFAULT NULL,
  `producto_id` int(11) NOT NULL,
  `ruta_id` int(11) DEFAULT NULL,
  `venta_id` int(11) NOT NULL,
  `created_at` timestamp NULL DEFAULT NULL,
  `updated_at` timestamp NULL DEFAULT NULL,
  PRIMARY KEY (`id`)
) ENGINE=InnoDB AUTO_INCREMENT=133 DEFAULT CHARSET=utf8mb4 COLLATE=utf8mb4_general_ci;

-- Volcando datos para la tabla ventas_inventario.vi_productos_venta: ~9 rows (aproximadamente)
INSERT INTO `vi_productos_venta` (`id`, `tipo_huevo`, `formato_huevo`, `precio`, `cantidad`, `producto_id`, `ruta_id`, `venta_id`, `created_at`, `updated_at`) VALUES
	(123, 'b', 'c', '26500', 1, 2, 25, 112, '2023-12-15 00:10:01', NULL),
	(124, 'b', 'c', '24500', 10, 2, 25, 113, '2023-12-15 04:52:51', NULL),
	(125, 'b', 'c', '28000', 6, 2, 25, 114, '2023-12-15 05:07:12', NULL),
	(126, 'c', 'c', '26500', 8, 4, 25, 115, '2023-12-15 05:07:45', NULL),
	(127, 'b', 'c', '30000', 10, 2, 25, 116, '2023-12-15 05:08:54', NULL),
	(128, 'b', 'c', '25000', 1, 2, 25, 116, '2023-12-15 05:08:54', NULL),
	(129, 'c', 'c', '21000', 3, 1, 25, 116, '2023-12-15 05:08:54', NULL),
	(130, 'c', 'c', '25500', 10, 2, 25, 117, '2023-12-15 05:09:23', NULL),
	(131, 'c', 'c', '31000', 6, 3, 25, 118, '2023-12-15 05:09:40', NULL),
	(132, 'b', 'c', '26500', 1, 2, 25, 119, '2023-12-19 02:54:59', NULL);

-- Volcando estructura para tabla ventas_inventario.vi_regiones
CREATE TABLE IF NOT EXISTS `vi_regiones` (
  `id` int(11) NOT NULL AUTO_INCREMENT,
  `codigo` varchar(50) DEFAULT NULL,
  `nombre` varchar(250) DEFAULT NULL,
  `estado` tinyint(4) DEFAULT NULL,
  `created_at` timestamp NULL DEFAULT NULL,
  PRIMARY KEY (`id`)
) ENGINE=InnoDB AUTO_INCREMENT=2 DEFAULT CHARSET=utf8mb4 COLLATE=utf8mb4_general_ci;

-- Volcando datos para la tabla ventas_inventario.vi_regiones: ~0 rows (aproximadamente)
INSERT INTO `vi_regiones` (`id`, `codigo`, `nombre`, `estado`, `created_at`) VALUES
	(1, '07', 'REGION DEL MAULE', 1, '2023-10-16 16:31:38');

-- Volcando estructura para tabla ventas_inventario.vi_rutas
CREATE TABLE IF NOT EXISTS `vi_rutas` (
  `id` int(11) NOT NULL AUTO_INCREMENT,
  `repartidor_id` int(11) DEFAULT NULL,
  `cajas_total` int(11) DEFAULT NULL,
  `cajas_vendidas` int(11) DEFAULT NULL,
  `fecha_ruta` timestamp NULL DEFAULT NULL,
  `estado_ruta_id` int(11) DEFAULT NULL,
  `observacion_ruta` varchar(255) DEFAULT NULL,
  `comuna_id` int(11) DEFAULT NULL,
  `grupo_id` int(11) DEFAULT NULL,
  `fecha_inicio` timestamp NULL DEFAULT NULL,
  `fecha_termino` timestamp NULL DEFAULT NULL,
  `cantidad_clientes` int(11) DEFAULT NULL,
  `estado` tinyint(4) DEFAULT NULL,
  `eliminado` tinyint(4) DEFAULT 0,
  `created_at` timestamp NULL DEFAULT NULL,
  `updated_at` timestamp NULL DEFAULT NULL,
  `deleted_at` timestamp NULL DEFAULT NULL,
  PRIMARY KEY (`id`)
) ENGINE=InnoDB AUTO_INCREMENT=26 DEFAULT CHARSET=utf8mb4 COLLATE=utf8mb4_general_ci;

-- Volcando datos para la tabla ventas_inventario.vi_rutas: ~0 rows (aproximadamente)
INSERT INTO `vi_rutas` (`id`, `repartidor_id`, `cajas_total`, `cajas_vendidas`, `fecha_ruta`, `estado_ruta_id`, `observacion_ruta`, `comuna_id`, `grupo_id`, `fecha_inicio`, `fecha_termino`, `cantidad_clientes`, `estado`, `eliminado`, `created_at`, `updated_at`, `deleted_at`) VALUES
	(25, 2, 40, 1, '2023-12-01 03:00:00', 1, NULL, 17, NULL, NULL, NULL, 20, 1, 0, '2023-12-14 23:31:13', '2023-12-19 02:54:59', NULL);

-- Volcando estructura para tabla ventas_inventario.vi_sectores
CREATE TABLE IF NOT EXISTS `vi_sectores` (
  `id` int(11) NOT NULL AUTO_INCREMENT,
  `nombre` varchar(250) DEFAULT NULL,
  `comuna_id` int(11) DEFAULT NULL,
  `estado` tinyint(4) DEFAULT 1,
  `eliminado` tinyint(4) DEFAULT 0,
  `created_at` timestamp NULL DEFAULT NULL,
  `deleted_at` timestamp NULL DEFAULT NULL,
  `updated_at` timestamp NULL DEFAULT NULL,
  PRIMARY KEY (`id`)
) ENGINE=InnoDB AUTO_INCREMENT=11 DEFAULT CHARSET=utf8mb4 COLLATE=utf8mb4_general_ci;

-- Volcando datos para la tabla ventas_inventario.vi_sectores: ~6 rows (aproximadamente)
INSERT INTO `vi_sectores` (`id`, `nombre`, `comuna_id`, `estado`, `eliminado`, `created_at`, `deleted_at`, `updated_at`) VALUES
	(1, 'los alamos', 2, 1, 1, '2023-10-27 10:43:28', '2023-11-08 11:16:42', '2023-11-08 10:13:55'),
	(2, 'vara gruesa', 1, 1, 1, '2023-10-27 10:43:53', '2023-11-08 11:15:33', NULL),
	(3, 'vara gruesa', 1, 1, 1, '2023-10-27 10:47:42', '2023-11-08 11:14:11', NULL),
	(4, 'vara gruesa', 1, 1, 1, '2023-10-27 10:49:06', '2023-11-08 11:12:43', NULL),
	(5, 'las lomas ', 2, 1, 1, '2023-11-08 10:22:51', '2023-11-08 11:17:02', NULL),
	(6, 'Huapi alto', 1, 1, 0, '2023-11-08 10:23:59', NULL, '2023-12-10 21:39:33'),
	(7, NULL, NULL, 1, 1, '2023-11-19 03:47:15', NULL, NULL),
	(8, 'vara gruesa', 1, 1, 0, '2023-12-05 04:19:00', '2023-12-10 21:53:44', NULL),
	(9, 'RETIRO', 17, 1, 0, '2023-12-06 02:13:37', NULL, NULL),
	(10, 'sectoretest', 21, 1, 0, '2023-12-12 03:54:58', NULL, NULL);

-- Volcando estructura para tabla ventas_inventario.vi_usuarios
CREATE TABLE IF NOT EXISTS `vi_usuarios` (
  `id` int(11) NOT NULL AUTO_INCREMENT,
  `nombre` varchar(250) DEFAULT NULL,
  `username` varchar(250) DEFAULT NULL,
  `email` varchar(250) DEFAULT NULL,
  `rut` varchar(250) DEFAULT NULL,
  `celular` varchar(50) DEFAULT NULL,
  `perfil_id` int(11) DEFAULT NULL,
  `direccion` varchar(250) DEFAULT NULL,
  `estado` tinyint(4) DEFAULT NULL,
  `eliminado` tinyint(4) DEFAULT 0,
  `password` varchar(50) DEFAULT NULL,
  `validate_password` tinyint(4) DEFAULT NULL,
  `remember_token` varchar(250) DEFAULT NULL,
  `token_password` text DEFAULT NULL,
  `created_at` timestamp NULL DEFAULT NULL,
  `updated_at` timestamp NULL DEFAULT NULL,
  `deleted_at` timestamp NULL DEFAULT NULL,
  PRIMARY KEY (`id`)
) ENGINE=InnoDB AUTO_INCREMENT=6 DEFAULT CHARSET=utf8mb4 COLLATE=utf8mb4_general_ci;

-- Volcando datos para la tabla ventas_inventario.vi_usuarios: ~5 rows (aproximadamente)
INSERT INTO `vi_usuarios` (`id`, `nombre`, `username`, `email`, `rut`, `celular`, `perfil_id`, `direccion`, `estado`, `eliminado`, `password`, `validate_password`, `remember_token`, `token_password`, `created_at`, `updated_at`, `deleted_at`) VALUES
	(1, 'Diego', NULL, 'diegoiretamalp@gmail.com', '20202667-2', '56975412245', 1, '0270 Millantu Puente Alto', 1, 0, 'd033e22ae348aeb5660fc2140aec35850c4da997', 0, 'e96e28b918ff538f4d53d7c90b509fafd31f043f', 'de66b076dc1a5c0aee6aa113356856a806526fd6', '2023-10-12 00:18:49', '2023-12-15 00:56:13', NULL),
	(2, 'Diego', NULL, 'diego_x10@hotmail.es', '8470626-4', '56975412245', 4, '0270 Millantu Puente Alto', 1, 1, 'd033e22ae348aeb5660fc2140aec35850c4da997', 0, 'e1f7490a2a4f4977fff4bc0a2719fbe5faadddbe', NULL, '2023-10-12 00:18:49', NULL, '2023-12-15 04:28:31'),
	(3, 'bernardita', NULL, 'diegoignacioretamal99@gmail.com', '8470626-4', '56975454874', 1, 'Millantu 0270', 1, 0, '7110eda4d09e062aa5e4a390b0a572ac0d2c0220', 1, NULL, NULL, '2023-12-15 04:29:28', NULL, NULL),
	(4, 'FELIPE', NULL, 'highdevs369@gmail.com', '26.056.860-4', '56978787874', 2, 'https://maps.app.goo.gl/FQa7DSdv3RPdQjGfA', 1, 0, '7110eda4d09e062aa5e4a390b0a572ac0d2c0220', 1, NULL, NULL, '2023-12-15 04:36:38', NULL, NULL),
	(5, 'repartidor pepe', NULL, 'yugitomatabi@gmail.com', '67081818-7', '+5697878741', 2, 'su casa123', 1, 0, '7110eda4d09e062aa5e4a390b0a572ac0d2c0220', 0, '908f0473f113887aa45ebaa6500e33fa2d4f748b', NULL, '2023-12-19 00:05:53', '2023-12-19 02:40:12', NULL);

-- Volcando estructura para tabla ventas_inventario.vi_ventas
CREATE TABLE IF NOT EXISTS `vi_ventas` (
  `id` int(11) NOT NULL AUTO_INCREMENT,
  `pagado` tinyint(4) DEFAULT NULL,
  `estado` tinyint(4) DEFAULT NULL,
  `eliminado` tinyint(4) DEFAULT 0,
  `repartidor_id` int(11) DEFAULT NULL,
  `cliente_id` int(11) DEFAULT NULL,
  `ruta_id` int(11) DEFAULT NULL,
  `direccion_despacho` varchar(255) DEFAULT NULL,
  `total_venta` varchar(50) DEFAULT NULL,
  `total_pagado` varchar(50) DEFAULT NULL,
  `nota_despacho` text DEFAULT NULL,
  `fecha_venta` timestamp NULL DEFAULT NULL,
  `created_at` timestamp NULL DEFAULT NULL,
  `updated_at` timestamp NULL DEFAULT NULL,
  `deleted_at` timestamp NULL DEFAULT NULL,
  `cajas_total` int(11) DEFAULT NULL,
  PRIMARY KEY (`id`)
) ENGINE=InnoDB AUTO_INCREMENT=120 DEFAULT CHARSET=utf8mb4 COLLATE=utf8mb4_general_ci;

-- Volcando datos para la tabla ventas_inventario.vi_ventas: ~8 rows (aproximadamente)
INSERT INTO `vi_ventas` (`id`, `pagado`, `estado`, `eliminado`, `repartidor_id`, `cliente_id`, `ruta_id`, `direccion_despacho`, `total_venta`, `total_pagado`, `nota_despacho`, `fecha_venta`, `created_at`, `updated_at`, `deleted_at`, `cajas_total`) VALUES
	(112, 1, 0, 1, 2, 47, 25, NULL, '26500', '26500', NULL, '2023-12-01 03:00:00', '2023-12-15 00:10:01', '2023-12-15 00:10:01', '2023-12-19 02:31:54', 1),
	(113, 0, 0, 1, 2, 48, 25, NULL, '245000', '0', NULL, '2023-12-01 03:00:00', '2023-12-15 04:52:51', '2023-12-15 04:52:51', '2023-12-19 02:31:56', 10),
	(114, 1, 0, 1, 2, 49, 25, NULL, '168000', '168000', NULL, '2023-12-01 03:00:00', '2023-12-15 05:07:12', '2023-12-15 05:07:12', '2023-12-19 02:31:59', 6),
	(115, 0, 0, 1, 2, 50, 25, NULL, '212000', '0', NULL, '2023-12-01 03:00:00', '2023-12-15 05:07:45', '2023-12-15 05:07:45', '2023-12-19 02:32:00', 8),
	(116, 0, 0, 1, 2, 51, 25, NULL, '388000', '200000', NULL, '2023-12-01 03:00:00', '2023-12-15 05:08:54', '2023-12-15 05:08:54', '2023-12-19 02:31:45', 14),
	(117, 1, 0, 1, 2, 52, 25, NULL, '255000', '255000', NULL, '2023-12-01 03:00:00', '2023-12-15 05:09:23', '2023-12-15 05:09:23', '2023-12-19 02:32:02', 10),
	(118, 1, 0, 1, 2, 53, 25, NULL, '186000', '186000', NULL, '2023-12-01 03:00:00', '2023-12-15 05:09:40', '2023-12-15 05:09:40', '2023-12-19 02:31:09', 6),
	(119, 1, 1, 0, 2, 47, 25, NULL, '26500', '26500', NULL, '2023-12-01 03:00:00', '2023-12-19 02:54:59', '2023-12-19 02:54:59', NULL, 1);

/*!40103 SET TIME_ZONE=IFNULL(@OLD_TIME_ZONE, 'system') */;
/*!40101 SET SQL_MODE=IFNULL(@OLD_SQL_MODE, '') */;
/*!40014 SET FOREIGN_KEY_CHECKS=IFNULL(@OLD_FOREIGN_KEY_CHECKS, 1) */;
/*!40101 SET CHARACTER_SET_CLIENT=@OLD_CHARACTER_SET_CLIENT */;
/*!40111 SET SQL_NOTES=IFNULL(@OLD_SQL_NOTES, 1) */;
